boro_ctcode,asthma_rate,med_income_10thou,wghtd_avg_mmpy,prox_score
1022302,9.9,2.3527,43.6563,3.3469999999999995
4141700,7.3,7.3182,29.786799999999996,1.275
1015601,8.5,9.8766,54.8,4.8580000000000005
2005200,11.8,2.114,22.9,3.8249999999999997
1022200,10.7,4.125,29.4,4.552
4051200,11.7,8.5,30.1,3.5389999999999997
3051800,10.3,6.4211,19.5,0.31400000000000006
1030700,8.6,9.0714,45.9,3.449
2046000,12.8,3.1932,17.8,3.268
5027705,9.3,8.6397,11.1,2.55
3002100,7.8,22.8276,42.5,4.104
3078400,11.4,7.6417,21.8,1.033
2018301,10.9,3.7105,32.3,2.795
1012700,7.8,9.1143,48.67960000000001,4.586
3033500,10.3,6.8036,21.7,0.837
2040800,12,3.111,17.8,3.4470000000000005
4070300,8.4,6.8846,42.87669999999999,3.5
4063301,9,8.0156,19.6,4.342
5017011,9.4,10.0662,6.3,3.03
4094700,8.6,6.7625,19.5,2.136
3018400,8.7,6.3333,17.8,1.4789999999999999
4018101,8.3,6.3068,41.1,4.083
2024502,11.9,2.9835,34.6,3.5409999999999995
4040200,11.4,10.1538,16,3.674
5002001,9.1,8.0833,10.7008,3.9699999999999998
3077600,11.1,7.2568,16.912499999999998,2.0860000000000003
4002000,8.2,8.6938,19.5,4.342
3019900,9.5,10.8333,42.482600000000005,3.058
3038300,11.9,7.3641,21.7,0.017
3030900,13.2,4.6309,25.1,4.18
4077906,8.4,6.4614,34.3,3.493
5007700,11,5.7,10.7,2.46
4036500,9.2,5.125,33.7,4.228000000000001
2032400,12,1.9349,13,3.959
4033000,11.5,8.0833,16,3.7640000000000002
3112200,12.9,4.1442,20,1.9820000000000002
2032800,11.2,2.9219,13,3.579
4055600,8.7,7.7829,30.1,1.409
3054300,8.4,11.6875,42.415,3.351
3122000,11.6,3.9674,20.011400000000002,2.176
3005601,8.6,8.5923,26.2,0.17099999999999999
2037200,11.6,4.1346,17.8,2.96
4100801,10.5,9.2768,6.7932,0
3016400,8.9,10.657,26.1476,1.6179999999999999
4119900,7.9,6.1522,19.5,0
2011502,11.2,1.7656,16.6,4.161999999999999
2019300,11.9,2.3927,32.3,4.363
2003900,10.7,2.5772,27.9,4.392
3050500,9.6,4.1629,23.9,1.7199999999999998
3007500,8.2,13.8188,24.8,0.196
3021100,9.5,4.9679,42.5,4.812
3053000,9.6,5.3802,19.5,3.492
3079602,11.8,6.5714,19.5,4.625
3099400,11.7,8.0259,14.9,0.5640000000000001
3035900,13.8,3.2326,25.099800000000002,1.533
2028700,9,5.6518,15.4,3.129
3022200,10.9,3.3088,25.8,0.017
3073200,11.5,7,14.9,4.359
1014000,8.1,13.7109,54.8,4.825
1024200,11.7,2.5773,59.6,4.375
3018100,9.1,9.6452,42.5,4.569
2043100,11,3.5995,24.992800000000003,4.543
4152901,7.4,9.3819,30.1999,0.873
4072900,7.6,12.8867,42.9,2.603
4015500,8.3,9.5208,16.7,4.683
3049400,9.3,7.6513,25.8,3.237
2014702,13,2.2237,12.4,4.375
4023500,8.3,4.9544,41.1,3.348
4109700,7.9,9.5701,30.2,1.4629999999999999
3024700,11.8,4.6518,21.717,4.561999999999999
3091000,14.1,1.1585,24.9,0
3047200,10.8,6.0054,25.8,0.06
4069701,8,8.6875,42.9,2.5599999999999996
2002300,12.6,1.8688,27.9,4.769
4069400,11.6,8.2332,30.1,0
3023400,11.3,3.2237,25.8,0
4006202,9.2,5.3676,31.368599999999997,2.024
4073700,7.7,8.3634,42.9,2.5540000000000003
4022001,8.3,7.633,34.285199999999996,4.316
5012806,9.5,5.7212,5.7623999999999995,1.721
4084500,8.6,3.4043,19.5,4.002
2020000,9.5,4.0184,23.7865,4.52
4081400,11.6,9.1189,31.4,3.7479999999999998
3102000,11.4,10.4148,14.9,0
3070000,9.4,9.2778,14.9,0
4127700,8.3,14.3281,34.3,1.483
1020701,8.4,6.2802,43.7,4.536
3064000,8.5,12.0885,16.6885,0
4011900,8.9,6.8897,16.7,4.061999999999999
1002000,10,1.6653,49.4505,0
1026500,8.4,9.1004,45.9,4.686999999999999
3055600,9.1,5.5995,22.2,3.2340000000000004
2017702,12.1,3.4567,32.2602,3.412
3014200,8.9,5.8558,26.2,4.457
1022500,9.6,6.0585,43.7,3.0890000000000004
3084000,11.8,6.0625,21.8,3.444000000000001
2007700,10.8,3.8417,27.9,3.894
3036300,13,3.4063,24.9,2.55
4157101,7.8,9.7629,30.1,2.9899999999999998
3057300,9.2,10.2656,23.9,4.0409999999999995
4028400,11.7,9.0257,16,3.2920000000000003
3041500,10.4,6.4844,16.2,0.003
4091601,8.8,10.575,3.8080000000000003,0.034
3010100,9,7.5707,32,4.413
2023502,10.7,2.9342,34.6,3.309
3118800,9.1,5.119,20,2.184
3027800,8.9,5.7202,17.8,3.1260000000000003
2022101,11.1,3.26,32.3,4.465000000000001
3049900,8.4,7.6612,23.9,4.394
1017100,8.5,16.1979,46.3,3.1460000000000004
3009200,9.1,4.6622,28.8876,2.0469999999999997
3059402,8.7,9.75,22.2,0.31799999999999995
3048000,10.5,3.2056,19.5,2.796
5009700,10,7.5648,10.7,2.492
3048200,9.6,4.7569,20.7915,2.9159999999999995
4046200,9.5,5.067,16,4.045999999999999
3006700,8.4,17.1477,24.8,1.529
2037900,12.9,2.4183,33.650800000000004,4.72
3044700,9.6,4.6738,16.2,3.914
1011000,8,14.9583,54.825399999999995,4.835
2039400,12.8,4.8023,17.8,3.5550000000000006
1005501,7.7,16.1004,38.2,4.058
3051300,8.6,11.0972,23.9,4.859999999999999
5020803,9,11.975,6.3,3.4999999999999996
1018100,8.5,9.6429,46.253699999999995,4.811
3005100,8.1,14.7188,24.8,4.702
4062700,9.5,7.6859,19.6,4.077
1003602,8.9,8.8594,49.5,4.891
4053200,11.6,8.4946,16,4.386
4011800,9.3,7.0333,19.5,3.376
3026100,11.2,5.1885,21.7,1.3
1019000,10.2,5.8333,29.460399999999996,4.2170000000000005
1006400,8.2,11.1074,67.5,4.836
3012801,9,3.858,26.2,3.631
3040400,8.8,6.1087,17.8,2.455
2023100,11.9,2.9263,33.8552,4.574
2021602,11,5.5354,22.9,4.318
2034200,11.4,6.0893,14.430399999999999,4
4058100,8.9,7.5665,19.6,3.643
4055100,8.9,7.528,19.6,3.785
3076600,11.6,7.0156,19.5,0.009
2031400,9.1,9.2396,13,3.5390000000000006
5027301,8.9,6.8542,11.0984,2.138
5002900,11.9,2.4779,10.7,4.478999999999999
3043500,9.6,6.6923,16.2,0.565
3015500,8.5,16.3967,24.8,0
1005900,8.1,12.7917,38.2,4.449000000000001
3001300,8.5,10.9208,42.5,4.754
4092200,8.2,13.1146,6.7932,1.8450000000000002
1031704,7.2,19.4153,34.4655,3.908
3069000,10.4,8.4856,14.9,2.232
5017007,9.1,7.9934,6.3,3.089
4041100,8.5,6.8629,36.2,3.1530000000000005
4018401,11.9,6.6806,16,3.212
4040700,8.8,5.3211,34.587500000000006,3.033
1025700,9.7,7.9722,29.4,2.4699999999999998
3034200,12,1.7932,19.4,0
2026500,10,4.1187,25,3.851
4016300,11,2.2317,16.7,3.1239999999999997
3032900,12,4.4922,21.7,4.604
2041400,12.4,4.9545,17.7822,2.708
4066400,11.4,9.2912,28.4445,1.4429999999999998
4012601,9,7.3634,19.5,2.652
4059500,8.8,7.2292,19.6,3.2960000000000003
2012300,11.2,3.1519,15.165700000000001,4.5760000000000005
3116000,12.4,3.76,20,0.001
3111000,13.8,2.106,20,3.2380000000000004
2005902,10.9,3.0844,32.3,2.495
4035700,9.6,6.4167,33.7,1.701
3039900,10.6,5.1776,16.2,1.8780000000000001
4007500,7.7,7.5982,16.7,3.668
3031500,11.3,6.3313,25.1,4.557
1019400,11.5,2.0373,59.6,4.756
3003800,8.8,8.1576,26.2,0
4086300,7.6,4.2743,19.5,0.868
3016700,8.1,17.3113,24.7576,0
3053700,11.9,4.0644,23.871699999999997,4.8309999999999995
4005100,8.3,5.0868,16.7,0.75
3029200,9.2,4.9145,17.7822,4.085999999999999
2004300,11.5,2.1689,27.9,3.906
1029300,9.2,4.2525,45.9,4.684
2025600,10.4,5.27,13.0405,4.201
1004200,8.8,14.8839,49.5,4.7059999999999995
3020600,9.3,10.1449,26.2,2.3850000000000002
3034900,13.2,4.1061,23.1552,4.079
3081600,12.3,4.2938,21.8,3.9419999999999993
3043000,9.4,3.816,17.8,1.4480000000000002
3098600,12,7.3654,14.9,2.5520000000000005
4066100,9.1,8.8636,19.6,0.455
4003100,8,8.1635,16.7,3.271
2039200,12.1,5.0723,17.8,3.8869999999999996
2009300,11.1,3.2852,16.5834,4.017
2042800,12,8.2599,17.8,3.8569999999999998
4045000,7.6,8.4435,34.3,0
3049000,9.4,5.9384,25.8,1.8319999999999999
4114100,7.7,9.9583,19.5,1.934
3058900,8.8,8.55,23.9,4.340999999999999
4098100,8.7,8.9286,19.5,2.404
3056600,8.9,8.3849,22.2,2.3160000000000003
4048900,7.6,6.4708,40.4641,2.6140000000000003
3029800,8.6,5.506,17.8,2.231
1007600,7.6,10.0809,28.3,4.7780000000000005
1024700,9,6.2031,45.9,1.637
4024300,8,6.9583,41.0785,3.077
4063800,10.8,10.1957,30.1,2.362
3088400,13,4.8664,21.8,1.9049999999999998
4061601,11.1,8.5987,30.1,0
2014300,12.6,1.7204,17.2755,4.817
1002400,10.7,1.4144,48.91459999999999,0.054000000000000006
2025100,10.8,3.683,34.6,4.368
3086400,12.2,4.9265,21.8,4.764
3022800,9.8,3.5985,25.8,3.9920000000000004
3010600,8.3,4.9702,28.8876,0
3062800,9.5,8.4091,22.1112,0
4085300,7.1,3.4525,19.5,4.312
2026900,10.2,3.9167,25,4.678999999999999
3097000,11.4,8.5221,14.9,2.6839999999999997
3061200,9.1,9.2143,22.2,0
4157903,8.2,8.2978,30.0699,2.375
4028000,11.7,6.4911,16,2.8180000000000005
2029500,9,9.5833,15.4,0.013
3101200,11.4,6.4569,14.9,0
3056100,8.6,10.875,23.876099999999997,3.365
2044901,9.7,6.92,17.8,3.5380000000000003
3057800,9.3,4.7466,22.2,3.96
3028200,8.7,6.7212,17.7822,3.2949999999999995
4047000,9.8,6.5,16,3.766
3119600,10.5,3.9838,20,2.521
5013301,13.8,0.9899,10.7,4.386
1009100,8.1,15.0349,48.67960000000001,4.79
3024300,10.9,5.9779,21.7,4.593999999999999
4046500,7.9,5.9318,36.2,3.932
1009600,6.9,13.05,28.3,2.146
3060600,9,6.2,22.2,1.7320000000000002
1017402,10.7,4.7411,59.6,1.7319999999999998
5011401,10.8,4.4357,11.1,3.82
1021303,10.3,4.3983,43.685700000000004,3.8609999999999998
5019800,9.5,12.413,6.293699999999999,2.6799999999999997
4063500,9.2,7.5288,19.6,3.212
1019200,12,2.0117,59.5404,3.68
2039800,12.7,8.0024,17.8,0
3042500,8.1,7.7477,16.2,2.9090000000000007
2036100,12,2.1947,32.5,2.813
4118700,8,4.5867000000000004,19.5,0.151
2007300,11.9,2.2344,27.9,4.446
4050600,11.8,8.537,16,0.007
3013000,9.5,7.7166,26.2,1.242
3026700,11.2,6.4401,21.7,0.33599999999999997
2033600,11.5,3.8387,14.4592,3.761
4077902,8.6,8.4375,34.3,3.2479999999999993
3091800,12.1,1.9634,24.9,0.029
2020502,11.6,1.8919,34.6,3.774
1003200,8.1,6.6648,49.5,2.6620000000000004
4021200,10,4.3889,16,3.039
1016002,7.8,12.337,59.576,4.847
4027100,7.8,5.4665,36.2,3.266
4101002,9.7,3.1066,6.7863999999999995,0
1023700,10.2,4.5167,43.7,3.7590000000000003
3037500,12.1,5.1495,21.7,3.743
1023400,11.2,4.9012,29.4,4.0489999999999995
5024402,9.2,8.8906,6.293699999999999,1.8
4009600,9.7,9.1125,31.4,2.333
1009700,8.4,6.1534,48.67960000000001,4.692
4054700,8.4,7.6493,19.596600000000002,3.3899999999999997
4026300,7.2,5.2015,41.1,4.4110000000000005
3043700,10.4,5.9474,16.2,0.6339999999999999
3058600,8.2,7.1758,22.2,0.549
1013200,8.2,10.8275,54.7452,2.475
1013400,8.3,10.7295,54.8,4.7780000000000005
4076901,7.7,8.8971,42.9,3.7640000000000002
3020700,9.1,11.9462,25.074900000000003,2.033
2025700,10.1,5.2926,28.840000000000003,4.834
1011600,7.9,9.2426,54.6904,2.689
4042400,11,9.0125,16,2.509
4059600,10.9,7.2578,30.1,0.217
4040900,9.4,5.6101,34.86500000000001,3.644
3019300,10.9,5.5389,40.0664,4.399
1028300,8.5,5.6855,45.9,4.159
1024900,9.4,4.3182,45.9,4.5440000000000005
5000300,8.7,8.6477,10.6679,3.9139999999999997
3020200,9,8.9,26.2,0
2030701,8.7,12.1389,15.4,0
2006500,11.1,2.5467,27.9,4.173
4059300,8.9,7.0962,19.6,2.856
3107800,11.7,6.3411,20,1.0919999999999999
3079801,10.7,7.6838,21.7,3.517
4038100,9.3,6.1635,33.7,3.995
1014801,7.9,16.2857,54.8,4.8740000000000006
3056800,8.9,8.625,22.2,3.088
3039500,9.8,5.6598,16.211,3.3500000000000005
4013200,8.8,6.8359,19.5,3.8649999999999998
3004700,8.4,11.95,24.8,4.598999999999999
1019702,9.9,6.0647,29.433799999999998,3.5629999999999997
3042000,9.6,5.8571,23.197200000000002,3.728
2002701,12.4,1.8832,27.9,4.651
2040501,10.7,3.7935,25,0.872
4085500,7.5,3.827,19.5,0.9149999999999999
4051800,12.2,7.7462,16,2.316
4014700,8.7,8.3333,16.7,1.7100000000000002
4030902,7.9,4.9451,33.53,3.404
3015700,8.2,12.3008,24.8,0.345
4067100,8.7,10.8438,19.6,0.343
3076000,9.3,6.7875,19.5,0
3034300,13.3,3.3385,25.1,0.382
2037000,12.8,5.8636,17.8,3.36
4145900,8.5,7.7868,27.7925,1.5110000000000001
4065702,9.1,7.1382,19.6,4.338
3038500,11.5,7.9107,21.7,0.792
2008700,11,2.3967,16.6,3.8759999999999994
5015602,9,11.2283,6.3,3.8129999999999997
3032600,11.8,2.347,19.4,1.1840000000000002
3005900,8.9,7.1042,24.8,4.795
2038800,12.5,6.3017,17.8,0.038
3017100,8.3,13.4821,32,2.123
3082400,12.2,5.947,21.8,4.473
4117500,7.5,6.2639,20.998,2.211
4048100,7.7,4.5864,36.2,3.5380000000000003
2022702,10.8,2.6554,32.3,4.68
3056200,9,8.8221,22.2,0.412
3030100,12.2,4.9196,23.3352,4.295999999999999
4034700,8.7,5.5492,33.7,3.543
3085000,11.6,6.6333,21.8,2.9849999999999994
2012901,11.8,2.5633,15.8608,4.427
2003500,11.3,3.131,27.9,3.118
4061200,10.6,12.1645,30.1,0
4103202,10.6,5.875,6.8,0.549
1001200,8.5,5.3669,49.5,4.383
4064500,8.1,7.7364,42.7713,4.399
5011202,9.5,8.1016,6.1161,2.463
2025500,10.3,3.5466,25.0288,4.269
4049700,8,8.3355,19.6,2.4530000000000003
4136700,7.6,8.9116,30.2,1.6490000000000002
2027401,9.5,8.75,26.5,3.024
4044302,8.1,4.7411,36.2,2.567
3035000,9.8,4.2102,19.4,2.816
3011400,10.3,4.7306,25.8,0
3008500,13.2,1.5283,24.8,3.1069999999999998
3060800,9,5.436,22.1306,0.756
3027000,8.9,5.0775,17.8,4.0649999999999995
3000501,9,13.375,42.5,2.5429999999999997
3117601,9.5,5.1583,20,0.716
3015100,8.4,14.6458,24.8,0.001
1006500,8.3,10.6944,38.2,3.862
2015800,9.5,5.57,26.5,4.408999999999999
3072600,11.4,8.65,16.1834,2.516
3096200,11.8,6.7024,14.9,4.401
3028501,9.3,8.7778,21.7,4.2669999999999995
2044400,12.1,7.774,17.8,2.738
2036502,11.8,3.1588,32.5,4.853
3023800,10.9,3.378,25.8,0
3025901,10.5,5.9762,21.7,4.46
2030100,9.1,8.4375,15.4,0
2042200,12.3,6.05,17.8,3.8360000000000003
3045300,9.6,5.1953,23.8769,4.7940000000000005
3100400,12.1,5.7813,14.9,0
3068200,10.4,12.4306,14.9,3.3339999999999996
4063700,8.8,9.7356,24.329900000000002,3.8440000000000003
3065000,10.2,8.1875,14.9,4.569
4000600,9,8.315,19.5,2.9909999999999997
4046400,9.2,9.0227,34.3,0.607
1007100,8.2,16.0614,38.2,4.785
3092800,11.8,5.8171,21.961199999999998,3.4349999999999996
4016900,8,5.8066,41.1,0.478
2006900,11.4,3.759,27.264499999999998,3.994999999999999
3051100,9.1,4.8476,23.9,3.579
5012500,9.6,8.125,10.7,4.097
1003700,8.1,15.9514,38.0224,4.9350000000000005
4122701,8.5,6.7811,34.3,1.316
4093401,8.8,8.6942,6.7932,1.4849999999999999
4027600,11.9,5.7368,16,3.4330000000000007
3040600,9.1,5.2986,17.8,0.86
4004500,8.2,7.6328,16.7,4.143000000000001
3013400,8.8,8.1774,26.2,2.957
3089200,14.1,2.7217,22.5347,1.2860000000000003
5018702,8.6,11.2742,11.1,3.489
4011100,8.2,8.125,16.7,3.8000000000000007
3115200,12,4.0884,20,1.681
4010000,10.4,10.9583,31.4,1.632
2044902,9.7,8.0833,17.8,2.3600000000000003
3025400,8.4,4.4886,17.8,3.972
1015900,8,12.7969,46.3,2.745
4020400,11.5,6.8147,16,3.8499999999999996
4046900,7.9,4.445,36.2,2.9130000000000003
1009200,7.5,13.8971,45.6656,4.677
2042100,10.7,3.8083,25,4.433000000000001
1008200,7.8,14.1141,42.294399999999996,3.3760000000000003
3079200,12.9,6.2011,20.645400000000002,3.8770000000000002
1011300,7.7,9.5313,28.3,3.8710000000000004
5006400,9.8,4.9449,11.1,2.5330000000000004
2004800,10.7,3.3403,22.9,3.7159999999999997
2028300,11.1,2.6887,15.4,4.923
1012200,7.8,21.1705,54.8,4.055
4054900,8.7,7.55,19.6,3.4319999999999995
5029103,9.4,10.4146,11.1,3.348
4053900,7.9,8.3566,19.596600000000002,3.4799999999999995
1012800,7.9,17.4167,54.8,4.756
3052500,10.5,3.5867,23.9,4.878
4008800,9,7.6875,31.4,2.9029999999999996
3123700,11.4,4.7798,21.7,4.73
4119500,8,8.4279,19.5,0.40700000000000003
4071303,7.8,9.5045,42.9,4.313
2024100,11.3,4.1322,34.6,4.372999999999999
4017400,11.4,7.7875,31.4,1.4260000000000002
1014500,8,18.2083,47.156099999999995,4.721
3033600,9.3,8.285,19.380599999999998,0
1029500,8.6,7.3514,45.9,4.023
1003001,8.1,7.0057,49.5,3.306
1015200,8.8,8.9868,54.6904,3.026
1010100,7.5,13.3409,28.3,4.788
4094201,10.2,6.6435,6.7932,2.6910000000000003
1010300,7.5,9.6071,48.67960000000001,4.896000000000001
3059000,8.9,6.925,22.2,0.208
3031702,11,7.8355,25.089800000000004,4.357
5017700,8.5,11.5603,11.1,2.316
4058900,9.3,6.2083,19.6,0.021
1021800,11.1,4.9482,29.4,4.244
3004300,8,13.7095,42.5,4.33
4001400,8.4,7.162,19.5,2.853
3017600,9.3,6.3981,17.7822,3.351
3113000,12.8,4.4872,20,2.424
4099704,7.9,7.5344,19.5107,1.3529999999999998
3003100,9.7,11.625,42.5,4.286
4052400,11.5,9.1172,16,3.0410000000000004
2021301,11,2.5509,34.58390000000001,4.835
2013500,12,2.4392,12.4,3.227
3041600,10.9,6.1414,22.2,3.432
3018800,8.9,7.6422,17.8,0
1022400,12.3,3.4263,29.4,3.9730000000000003
4014202,9.2,6.7614,19.5,3.344
4062200,10.9,10.3977,30.1,0
2021100,11.8,3.0092,32.3,3.9819999999999998
2035000,11.5,7.4583,13,2.343
4079000,11.7,7.5,16,3.7929999999999993
2019900,11.3,4.2569,32.3,3.41
4144100,7.4,10.8614,30.2,0.484
3075200,9.1,16.5263,19.5,0
4037100,9.8,6.7419,33.7,1.5070000000000001
4013700,8.5,9.71,16.7,4.629
4047600,8.4,12.6053,34.3,1.01
3052600,9.2,6.8077,19.5,4.124
3085800,12.2,6.1721,21.8,3.91
1016600,9.2,4.0402,59.6,4.757
4116100,7.9,2.6783,19.5,2.394
3021500,10.3,8.6534,25.046400000000002,0.597
4019000,11.7,8.8365,16,0
3050803,11.9,5.5395,19.5,4.54
2016700,12.3,3.16,14.6288,4.384
3120200,9.4,3.2321,20,4.398
3006400,9.2,7.6694,26.2,0
3038900,8.4,7.4352,16.2165,4.488
5032300,10.7,6.5089,10.6893,2.7680000000000007
4071702,7.8,5.9667,42.3975,4.616
3021800,11.2,3.1047,25.8,0
2022403,10.5,5.1767,13,4.728000000000001
1027300,8.3,8.9882,45.9,2.7070000000000003
4133300,7.7,9.7663,34.3,2.987
4043702,8.5,4.4085,36.2134,3.7700000000000005
4005800,9,9.023,31.4,3.3679999999999994
3025100,12.4,3.9474,21.7,3.722
3049500,8.8,9.212,23.9,4.5169999999999995
3090000,13.7,2.3685,24.8969,2.957
3030600,8.9,5.0833,19.4,0.9590000000000001
3007800,9.2,4.3792,32,2.7319999999999998
3028900,11.2,4.4313,21.7,2.567
4105900,8.6,8.8906,19.5,0.599
4079900,7.6,4.6597,19.5,3.5740000000000003
4025500,7.2,7.8088,41.1,2.6839999999999997
3035400,8.9,5.0599,19.4,2.72
3042600,8.9,4.9954,17.8,3.843
3044800,9.6,6.0921,25.8,3.076
1022900,9.7,5.2907,43.7,3.7119999999999997
3041200,8.9,6.3641,17.8,4.349
4056600,10.1,7.7031,30.1,2.7890000000000006
2008400,9.9,8.575,22.9,3.4370000000000003
3013800,9.7,6.095,26.2,1.1669999999999998
3083200,12,6.5406,21.8,0
3070600,9.2,11.2557,9.1635,0
5014607,9.4,9.5114,6.3,2.431
1018500,8.2,12.9194,46.253699999999995,4.569000000000001
4081800,11,6.9262,31.4,2.7750000000000004
4074500,8.8,4.4006,42.9,4.494
2023702,11.2,3.7734,34.6,3.182
2040303,10.3,3.7043,25,3.8649999999999998
3067400,11.3,10.0139,14.9,3.6310000000000002
3014700,8.8,9.7589,32,4.404
4028900,7.5,6.8089,33.7025,2.917
4088400,9.4,9.0977,29.2334,1.8840000000000001
1004900,8.1,9.6287,38.2,4.362
3044300,8.3,5.0263,16.2,2.6239999999999997
3037000,8.8,5.7888,20.209199999999996,2.63
3055100,8.1,8.9073,23.9,3.8939999999999997
3036700,11.6,5.4432,23.557399999999998,4.529
1006900,8.1,25,38.1618,4.379
5022600,8.8,12.2917,6.3,3.0489999999999995
1018600,11.8,3.46,29.4016,2.126
2038301,11.3,4.3155,34.6,2.162
4060300,8.9,8.9375,19.6,3.693
3027500,11.1,8.2069,21.7,0
2016600,9.3,7.8333,26.5,4.148
3093600,11.6,6.3929,21.8,1.543
4010500,9.1,6.5551,16.7,3.905
4039900,8.6,7.0282,35.192600000000006,3.555
5001100,10.1,4.8082,10.7,3.479
2007400,11.1,3.9537,22.9,2.037
4004002,8.9,6.4196,31.4,4.251
4050500,7.8,7.2,19.6,3.877
4050202,11.7,7.6313,16,1.201
3046202,9.9,6.125,25.8,3.3070000000000004
1020102,10,7.775,29.4,1.323
4045800,7.1,7.2772,34.281699999999994,1.355
4120500,8,2.4826,19.5,3.274
2022800,10,5.8431,13,2.257
3054800,9.1,7.125,22.0164,1.6300000000000001
1002601,9.1,4.541,49.5,0
4068300,7.2,5.1491,36.206700000000005,4.26
1015602,9.2,7.2643,59.5856,4.8149999999999995
1008603,7.8,17.0781,67.2975,3.981
1026300,8.9,4.2045,45.9,4.673
3011900,8.8,9.3854,24.8072,4.159000000000001
5011402,9,8.375,11.1,3.9969999999999994
4086900,7.4,3,19.5,4.492999999999999
2032300,8.9,8.5448,15.4,0
4036600,11.6,6.8264,16,4.144
1017000,9.3,3.6032,59.6,4.723
4032700,7.6,5.8145,33.7,1.948
1005400,7.9,17.3309,28.3099,4.106
1000201,9.5,2.95,49.401,0.117
3054400,10.1,6.0707,19.505399999999998,1.362
1011100,8.2,11.2917,48.67960000000001,4.845
4013800,8.3,6.8125,19.5,2.8400000000000003
4014100,8.9,6.6923,16.7,4.339
3018300,8.9,12.6507,42.5,4.197
5020804,9.1,10.2857,6.3,3.9979999999999993
4062600,11.5,8.3083,30.1,2.9459999999999997
3043100,9.2,5.7111,16.2,3.82
3021600,10.3,4.8716,25.8,0
4053401,11.2,9.2961,30.1,4.077
1003300,7.8,22.3438,34.5,4.943
4005500,8,7.1628,16.7,3.1599999999999997
2020601,9.9,4.8367000000000004,26.4964,4.374
3002200,9,4.1811,31.3272,4.3759999999999994
4129102,7.9,11.8824,30.203999999999997,3.1410000000000005
3012902,8.7,12.7159,27.2285,4.161
3087200,11.9,5.5902,21.8,4.122
1023900,10.8,3.9095,45.8934,4.539000000000001
1014200,7.9,19.1417,54.8,4.192
4048300,7.1,6.3811,39.198800000000006,3.3649999999999998
4046100,7.9,6.5547,36.2,1.98
3040300,11.4,6.0855,16.208699999999997,3.8
4152902,7.8,7.5702,30.1999,1.359
2034300,9.7,7.8869,15.4,3.8129999999999997
4015600,10.1,6.9152,19.5476,0.024
4058200,11.4,10.0505,30.1,3.1310000000000002
3090200,13.3,3.6583,24.9,2.151
3035300,11.8,4.7321,23.1518,1.372
2014400,11.6,2.2095,26.5,2.5460000000000003
1007300,8,11.9926,38.2,4.5569999999999995
4063900,9,7.7179,28.6282,4.759
2000200,10,5.11,22.8771,0.8170000000000001
3024800,9.1,4.994,17.8,2.9699999999999998
4069300,8.3,6.2476,42.9,3.656
2026702,10.6,3.5557,15.409600000000001,0.933
4083700,7.4,5.3707,19.5148,3.1410000000000005
3086600,12.3,5.3032,21.8,4.4079999999999995
1020600,11.4,3.1625,59.6,4.759
2046201,11.4,5.2601,25.951900000000002,2.313
1012400,7.9,12.8415,54.7452,2.759
4012000,8.9,6.2105,19.5,2.561
3022900,10.6,8.3043,21.7,2.954
1026700,8.4,4.3542,45.9,2.168
4028500,8.2,7.8508,33.7025,2.596
3055300,8.2,12.0069,23.9,3.6319999999999997
3083400,12.1,5.3578,21.8,0
2036300,12,2.2226,32.5,3.5380000000000003
3057400,8.2,8.5673,22.2,3.121
3041300,10.8,6.375,16.2,1.242
3101000,10.9,7.8583,14.9,0
3006800,9.4,5.6768,26.2,0.28900000000000003
4103900,8.1,7.7993,19.5,2.532
3010200,8.7,5.6082,32,3.1599999999999997
3118202,9.2,5.75,20,0.006
2006200,12.6,2.5206,22.9,3.184
3114600,10.5,3.5109,20,1.88
4047100,7.2,4.7083,36.2,2.94
2022102,11.3,3.2792,32.3,2.232
5007500,10.1,6.5833,10.7,4.519
4046600,9.1,6.3284,34.1719,3.386
3031100,12.4,3.7014,25.1,3.5869999999999997
4001000,8.4,9.7702,19.5,0.044
3029300,11.9,4.2238,21.7,0
2039901,11.2,2.8049,25.0288,3.4990000000000006
2011900,11.9,2.8988,16.6,4.493
3091600,13.4,1.832,24.9,0.751
2004400,12.9,1.7297,22.9,4.061999999999999
2011700,11.8,2.1595,16.6,3.7569999999999997
3059200,9,5.3177,22.2,0.21100000000000002
4099802,11.3,4.3961,6.7863999999999995,0.02
5020801,9.7,10.0543,6.3,3.603
4066000,11.3,6.8403,30.1,0.032
4042700,8.8,6.3781,36.2,3.686
2038302,12.9,2.0519,33.583600000000004,4.745
3020500,9.2,12.3274,25.1,0.9690000000000001
3050600,11.1,5.9882,19.5,4.813
2026601,9.7,6.0357,26.5,3.746
5000700,11.6,3.7952,10.7,4.139
3026400,8.9,4.8942,17.8,0
4059900,9.2,6.5446,19.6,0.145
1020101,8.9,13.875,43.7,4.452
4050201,11.2,7.125,16,0.44099999999999995
2028800,9,7.4459,13,3.8080000000000003
2042901,10.2,4.0024,24.9784,4.477
3044400,9.8,5.1975,25.8,1.883
3018200,8.7,5.3625,17.8,0.8260000000000001
1008601,7.4,15.8125,67.23,4.680999999999999
4068200,11.2,8.9,30.1,3.5140000000000002
4101700,8.4,8.6493,19.5,2.195
1001502,8,16.2158,35.638999999999996,4.0489999999999995
4061000,10.8,10.3333,30.1,2.22
3080200,11.8,6.205,21.7,4.147
4044301,9.2,2.1699,36.2,0.601
3022100,10.6,5.4898,25.1,3.948
3102200,10.8,8.7604,14.9,0
1030900,9.9,3.2295,16.4118,3.1189999999999998
3063200,9.1,6.8182,22.1927,1.6909999999999998
4028300,7.8,6.5929,33.7025,2.691
4156700,9.2,5.775,30.1,2.444
4040300,8.3,6.055,34.80250000000001,4.175
2040900,11.5,5.2956,20.3536,2.41
4099701,8,9.9342,19.5107,1.888
2007800,10.5,5.236,22.9,4.4079999999999995
3014300,8.4,11.0329,32,4.765000000000001
2020100,11.9,3.4038,32.3,4.4719999999999995
3036400,8.7,5.9712,19.4,4.173
3016100,8.6,15.0469,27.2769,4.346
4073900,7.7,9.7716,42.9,4.478
2024600,9.7,6.5473,13,1.152
1010000,7.6,9.5879,47.821600000000004,4.756
4017600,11.6,6.8167,31.4,2.206
1022600,11.2,5.1074,29.4,3.853
3027900,11.9,6.47,21.7,0
1015300,7.8,15.6435,46.253699999999995,4.611000000000001
3024200,10.3,6.3698,25.759999999999998,0.311
4090700,8.6,5.1696,19.5,2.7249999999999996
3111600,12.6,3.4413,20,3.86
1015802,8.6,9.7455,59.576,4.873
1009300,8.2,7.6933,48.7,4.79
4033700,7.8,7.3231,33.7,2.133
3030400,8.7,4.1017,17.8446,3.3009999999999997
2035800,12.1,6.9766,17.8,3.426
3065600,9.3,8.6897,14.9,0.001
4097203,13.1,3.0536,6.7932,1.338
4139900,7.2,10.6583,30.2,2.473
1017401,11,2.2217,59.6,1.613
3053800,9.9,5.5027,19.5,0
3028700,10.5,4.0969,21.7,4.114
3005602,8.9,7.4167,26.1738,1.491
4129104,8,8.1875,30.2,2.146
4061900,9.3,9.175,19.6,3.23
4016100,8.3,7.4453,16.7,4.4510000000000005
4018502,8.3,7.4799,41.1,4.3999999999999995
2017901,11,3.9036,32.3,0.226
4118900,7.3,6.163,19.5,0
4157902,7.3,11,30.1,2.372
1003900,8,20.7064,34.431,4.498
3096800,11.2,9.3347,14.9,2.88
3053300,11.7,2.6976,23.9,4.6049999999999995
5015601,9.1,10.5344,6.3,3.056
4050700,8.5,5.7153,19.6,3.2890000000000006
4002600,8.8,8.7019,19.5,0.8659999999999999
3007100,10.8,4.0938,29.8622,1.3969999999999998
1016300,8.1,12.5388,46.253699999999995,2.4430000000000005
3021200,9.2,4.4967,26.2,4.252
1021000,12.3,3.2396,58.574000000000005,4.564
4010300,8.6,7.2941,16.7,2.774
3037700,12.3,5.2367,21.7,1.044
2033700,9,9.7847,15.4,0.32499999999999996
4117100,7.7,5.8929,19.5,3.9940000000000007
4072300,7.3,11.8438,42.9,0.349
4026901,7.6,5.7359,36.2,4.173
3076800,9.4,5.1146,19.5,2.204
2014900,12.2,2.9079,12.4,3.5060000000000002
4055200,9.5,6.3261,30.205,4.246
4015100,8.3,6.9083,16.7,0.494
5025100,9.1,10.7239,10.7,2.774
3051601,12.1,5.9223,19.5069,3.024
4010100,8.5,6.7273,16.7,2.8819999999999997
2006700,12.3,1.9813,27.9,3.358
2051600,9.3,9.6366,26.3675,2.522
4044601,9.5,3.8229,16,2.052
4020800,10,8.4653,16,4.059000000000001
2001600,11.3,3.4093,22.9,2.33
4080900,8.7,7.011,34.3,3.0349999999999997
2018302,11.7,4.1894,32.3,2.635
1013100,7.6,11.9345,28.3,2.4379999999999997
3001500,9.7,8.7237,42.5,4.683
2029302,8.8,9.5239,15.3846,0.003
4070700,7.5,11.2738,42.9,1.585
4063200,11.3,11.2273,30.1,3.683
3033000,12.3,2.2933,19.4,0
4120100,7.7,6.1806,19.5,0.168
5003900,9.5,7.0586,10.7,2.3040000000000003
4051300,8.2,9.1218,19.6,0.132
5013800,9.2,8.7418,6.304799999999999,3.37
4039400,11.5,7.965,16,2.46
3110600,13.8,1.9973,20,1.744
4147900,7.7,8.9286,30.2,2.044
5017012,9.3,8.9273,6.3,3.9030000000000005
2006000,9.8,3.4898,28.9282,4.753
3057900,9.3,9.375,23.9,4.235
3037900,12.7,4.6429,21.7,0.909
4024900,7.7,5.6853,41.1,4.064
4077907,9.5,5.7827,34.3,3.2470000000000003
3040000,9,5.2125,18.4996,4.212
2023200,9.8,5.6528,13,4.157
4014500,8.9,7.4926,16.7,1.422
2004001,9.9,5.4868,22.9,3.846
3047800,10.3,4.804,25.0818,3.9029999999999996
4049301,8.3,6.6071,19.6,0.41900000000000004
1019500,8.1,8.8785,46.3,3.6960000000000006
3031701,11.2,7.875,25.1,4.357
3041900,9.9,5.655,16.2,1.443
1013600,8.3,10.8333,54.7452,2.253
3003500,9.4,11.2917,42.5,4.452000000000001
4055700,8.5,6.5799,19.6,3.8890000000000002
2039500,11.5,2.9,32.4799,4.331
1017800,9.3,5.0972,59.4808,3.04
4052600,11.9,7.6731,16,3.1559999999999997
2038000,12.6,3.7544,17.8,3.6100000000000003
4145102,7.7,9.3,30.2,4.335000000000001
3034500,12.5,4.4483,25.1,2.482
3121400,13,1.8457,20,3.441
1029100,9,4.7054,45.9,3.997
2007200,9.5,4.3197,22.9,4.562
3048600,8.6,5.025,25.8,4.759
3069200,10.9,11.8065,14.9,3.0890000000000004
1006100,8.3,21.0726,38.2113,4.307
2039100,10.5,3.1985,32.5,2.086
3081400,12.3,4.3962,21.8,4.039
4092500,8.7,4.7419,19.5,4.102
2016200,10.2,8.121,26.5,4.099
1010601,8,17.3898,67.365,3.972
3097400,12.4,6.4099,14.9,2.612
4112900,7.7,8.2173,30.2,2.151
4077500,8.1,8.6319,19.5,2.876
3036001,9.6,2.5265,19.4,0
2043400,12.5,6.2,17.8,4.122999999999999
2021700,12.3,3.642,34.5954,4.515
4026600,12.2,2.8969,16,3.5829999999999997
3012200,9.7,5.0384,31.5012,4.470000000000001
3073400,10.9,8.475,14.9,2.13
3026200,8.7,6.5577,17.8,0.994
1002800,9.3,4.4199,49.5,0
3009400,9.1,5.1042,28.8876,0.019
2013200,9.1,11.8211,26.447,0.382
1023600,11.5,4.6761,29.4,4.157
4006900,8.2,7.9953,16.7,4.652
4142900,7.8,8.475,30.2,1.6850000000000003
4061400,10.9,12.5114,30.1,0
4125700,8.5,6.1513,34.3,3.505
2025000,9.7,8.5868,13,2.9450000000000003
4115700,7.2,4.525,19.5,2.2830000000000004
4115100,8.1,7.6167,19.5,0.558
4025301,7.9,6.3864,41.1,3.591
4021400,9,5.6194,29.578599999999998,4.103
5027706,8.9,10.3897,11.1,3.649
3069601,10,8.1106,14.9,2.6430000000000002
4041300,8.8,5.5046,36.2,0.653
4011500,8,8.1458,16.7,1.746
2041500,10.1,4.3538,25,2.479
2008500,10.9,3.137,16.6,3.3439999999999994
5017005,9,10.0673,6.3,3.708
3074000,11.2,7.125,14.9,4.229
3064200,9.5,7.3583,22.100099999999998,2.864
3028300,11.8,2.9306,21.7,3.9469999999999996
1006000,7.6,16.9778,67.4325,2.321
3045200,9.3,8.2532,25.8,1.4560000000000002
2012500,11.4,3.4903,12.845200000000002,3.593
4066501,9,10.2708,19.6,2.2809999999999997
1007800,7.8,13.3778,67.5,4.929
4005200,8.7,6.225,19.5476,2.2800000000000002
4056800,10.7,8.3295,30.1,3.74
3116200,12.4,4.1618,20,0
2015700,11.5,3.3468,16.0645,4.2540000000000004
5014604,9.5,10.3964,6.3,2.6900000000000004
4007900,8.7,6.8463,16.7,3.9749999999999996
5009602,9,8.575,11.1,2.933
2023501,11,3.4591,34.6,3.575
2034800,12,4.2813,13.484800000000002,2.358
5023900,9.6,8.3883,10.7,3.4859999999999998
3112400,11.8,4.5213,20,0.156
3055000,9.2,6.0851,22.2,2.534
4071701,8.2,5.8941,42.9,3.5309999999999997
3107000,11.7,5.1549,9.06,0.649
4000400,9.2,6.3462,19.5,0.012
1004300,7.9,7.4877,38.2113,4.441
1021400,11,6.0863,29.4302,3.133
2019700,11,3.51,32.3,3.73
3017000,8.7,7.6857,17.8084,2.209
4052200,11.5,9.1313,16,0.106
5004000,10.7,3.3984,10.7004,3.4519999999999995
3075800,9,8.625,19.5,0.898
4016800,10.3,9.6607,31.4,1.563
3005202,8.9,7.724,26.2,0
4115900,7.6,5.9125,19.5,1.0790000000000002
4027400,11.4,7.538,16,0.42999999999999994
3094402,14.1,2.392,14.9,3.5620000000000003
4003200,8.7,5.36,19.5,4.367
3052900,11.4,2.7229,23.9,4.028
4045200,8.2,7.0625,34.3,0.175
4027200,12,6.3917,16,0
3025300,10.8,5.5417,21.7,3.998
2009200,9.7,5.0176,22.9,4.6240000000000006
3115000,11.7,4.5143,20,1.208
3039200,9.9,6.45,22.2,3.8689999999999993
4062300,9.2,8.7333,19.6,4.747000000000001
4098700,8.6,8.8077,19.5,3.526
3030000,8.5,5.2663,17.9968,3.398
3032500,12.2,5.1721,21.7,1.9620000000000002
2042000,12.1,4.2689,17.8,4.305
1016700,7.8,20.125,46.253699999999995,3.2870000000000004
4103300,8.7,8.7566,19.5,0.467
2035900,11.4,2.375,30.912100000000002,4.906000000000001
5024401,9.5,7.6394,6.3,3.525
4112300,7.6,9.525,30.2,0.051
4024000,9.6,4.54,16,1.068
4061800,11.1,8.1406,30.1,2.775
4134700,7.7,6.8485,34.3,1.9680000000000002
5013204,9.2,8.7561,6.293699999999999,3.8359999999999994
2017902,12.1,3.725,32.3,0.251
3028800,8.7,5.5625,17.8,1.036
3043400,8.7,4.9013,17.8,4.142
3023100,9.9,9.1047,42.5,2.134
2027700,10.2,2.9621,15.4,4.409000000000001
4079702,7.5,3.9553,19.5,4.031000000000001
3051900,8.2,14.3057,23.9,4.43
3078200,12.4,6.5294,21.8,0.361
4006502,8.6,8.407,16.7,3.7039999999999997
3000301,8.2,13.7157,42.5,4.4079999999999995
3015000,8.9,7.6083,26.174799999999998,2.149
3095800,12,6.1128,14.9,3.431
1028100,8.1,9.8125,45.9,3.396
4056500,8.7,7.1719,19.6,4.138999999999999
4018600,12.2,6.5875,16,1.4579999999999997
3019400,8.7,4.4258,25.1584,4.476999999999999
1025500,8.7,6.6466,45.9,1.853
3028400,9.3,6.1331,17.8,0.7770000000000001
3019600,9.1,4.7389,26.1916,1.191
4018300,7.9,7.5453,41.1,2.6639999999999997
4097202,13.6,3.1509,6.779599999999999,0.42800000000000005
1016200,10.5,3.253,59.4212,4
2030900,8.6,10.7768,15.4,0
4071304,8.6,5.5363,42.9,3.7379999999999995
3068000,11.1,8.5769,14.9,3.447
2030000,9.1,5.9899,26.5,2.892
4012500,8.3,8.3984,16.7,4.811
4037900,9,7.2799,33.7,3.005
4059200,11.3,11.5625,30.1,0
5018100,8.9,12.7074,11.1,2.207
1014700,7.3,20.7857,47.1064,3.9689999999999994
4002500,12.4,1.9178,19.0912,4.263
2002500,11.2,2.3115,27.9,4.644
3039600,9.7,6.4375,22.2,3.9710000000000005
1019800,10,7.6912,59.6,3.1609999999999996
4035300,9,4.975,33.7,4.72
2040400,12.6,7.9442,17.8,0.165
3042300,9.5,6.7056,16.2,3.626
2013300,12.2,2.3484,12.4186,4.202
4086100,7.5,4.899,19.5,0.29300000000000004
4025100,7.6,6.4763,41.1,3.96
4079200,11.3,8.1438,16,3.5100000000000002
4114700,8.1,8.9423,19.5,0.09499999999999999
4015000,9.2,9.2438,19.5,2.751
1018900,10.4,3.625,46.253699999999995,4.172000000000001
4030600,11.8,7.6755,28.3215,3.9949999999999997
4067700,8.7,10.1,19.6,0.5189999999999999
3051002,11.6,5.0625,19.5,4.241
2006800,10.7,5.4395,22.9,3.3840000000000003
4147100,7.6,8.5741,30.2,3.919
4004401,8.9,6.9583,29.8292,2.11
3049100,9.5,4.8566,23.8923,3.7760000000000002
3085600,12.2,6.1957,21.8,2.7300000000000004
3120000,11.1,4.7566,20,3.8990000000000005
2038700,11.3,3.597,32.5,4.284
3082200,12.3,5.1197,21.7847,4.411
4093402,8.9,8.7463,6.7932,1.9200000000000002
4011000,10.5,8.1667,19.523799999999998,0.513
3046400,10.4,5.7283,25.8,2.979
1007700,7.9,13.9815,38.2,4.757000000000001
4122300,7.6,6.9317,34.3,1.597
3005800,9.3,6.4875,26.2,0.6900000000000001
2022701,11.2,3.4159,34.5954,4.099
1002500,9.9,2.0868,49.386,4.359
2012701,10.9,3.1212,16.6,4.506
4020200,11.2,8.1667,16.0154,4.101999999999999
3012000,8.1,5.0833,26.2,4.4719999999999995
4007700,8,9.25,16.7,4.425000000000001
4047500,7,5.9076,36.2134,4.414
5014100,9.3,7.4773,10.7,4.188
3056500,8.4,10.6157,23.9,4.426
3098800,11.6,7.5339,14.9,2.5230000000000006
2022901,11.4,3.5461,34.5908,3.8810000000000002
4009500,8.4,8.25,16.7,4.805
2025400,9.9,5.2853,13,4.0009999999999994
4049200,10.3,7.415,32.6158,3.857999999999999
4054500,9,5.9187,19.5932,3.6870000000000003
4022002,8.7,7.1643,34.3,2.8999999999999995
2040302,10.5,3.7759,25,1.48
3088200,12.2,4.4623,21.8,3.776
1023300,9.5,5.7389,43.7,3.642
5029104,9,9.4292,11.1,3.5869999999999997
3102600,11.5,10.3229,14.9,0
4026200,11.6,7.2344,16,1.6860000000000002
4075702,7.6,10.899,42.9,1.557
4025700,7.6,7.1875,41.1,3.543
3007700,8.4,15.1307,24.8,1.855
1011500,7.5,11.0845,48.67960000000001,4.845
3061004,9.8,3.4432,20.2288,0.5169999999999999
3010400,8.3,4.4288,28.8876,0.31599999999999995
3004100,8.7,16.6339,42.5,4.404
3117400,9.5,6.4149,20,1.7080000000000002
5000600,9.5,6.6563,10.6679,4.1739999999999995
3045800,9.2,8.625,25.0944,1.6670000000000003
5015100,9,9.8438,10.7,2.67
4059800,10.9,8.8438,30.1,3.428
2016100,12.7,1.796,12.4,4.298
5014608,9.3,11.0469,6.3,3.0429999999999997
4026700,7.7,5.0613,36.2,4.396
2021002,11,5.5961,22.9,2.092
1018200,10.3,2.8235,59.6,4.827
2023800,10.2,5.2599,13.0198,4.114
3079802,11.4,7.0769,21.695600000000002,4.385
1002900,7.6,2.7908,40.739999999999995,4.132
2018900,11.5,2.7339,32.3,4.438000000000001
4033401,11.6,8.1311,16,3.2760000000000002
5012804,9.5,8.1107,9.208199999999998,1.865
1004800,8.4,14.75,67.464,4.784
3016600,9,11.3527,26.2,2.3879999999999995
3003000,8.8,8.875,26.2,0.269
1000600,9,1.66,49.401,2.697
3086800,13,4.6318,21.8,4.6579999999999995
3018700,9.5,10.8661,42.5,4.566
4037300,9.5,4.8913,33.7,4.776
4051700,9.5,8.6513,19.6,3.972
3075000,9.7,7.7433,19.5,0.241
2017500,12.4,2.663,32.3,2.396
3093800,12.4,7.5357,21.8,2.7
1026100,9.5,4.6853,45.9,4.43
4045700,6.8,5.9318,36.2,2.65
3013300,8.2,19.2813,24.8,2.507
4155102,8.2,9.2739,30.1,1.334
3054700,10.7,5.0272,23.876099999999997,3.999
4039800,11.4,10.0063,16,4.296
1024301,10.1,5.8077,45.9,4.276
3038800,9.1,6.4375,22.2,1.229
4130100,7.9,8.7404,30.1,3.971
1027500,8.7,10.6908,45.9,1.405
3049800,8.2,7.9583,25.8,2.8580000000000005
3025200,8.7,6.0173,17.8,4.568
2003300,12.3,2.2127,27.9,2.246
2031600,10.1,8.6048,13,1.8090000000000002
3030500,10.1,8.5985,25.1,2.232
2044200,13,5.5,17.8,3.02
4109300,7.8,8.9241,30.2,0.631
3035602,9.2,4.5163,19.4,2.694
3058400,9,6.8487,22.2,3.183
3042700,9.1,5.9965,16.2,3.4749999999999996
4006201,9.3,6.1514,31.4,2.37
3079000,12.5,6.1201,21.0364,4.363
3026900,11.5,6.6534,21.7,1.3590000000000002
4064600,11.3,8.7823,30.1,0.97
4032000,11.7,7.8355,29.5059,2.328
4084601,9.5,9.4297,31.4,3.626
1014402,8,13.1884,54.7452,1.6890000000000003
3067200,11.3,8.4438,14.9,4.567
3001100,7.3,14.2813,42.5,4.592
2036700,11.7,3.45,32.399499999999996,3.992
4094500,8.3,7.5048,19.5,2.214
4056000,8.7,7.0313,30.1,1.8100000000000003
3055700,8.8,9.2674,23.9,4.193
3072400,12,7.6618,14.9,3.6870000000000003
3113400,13.5,2.5469,20,0.774
3119000,10.6,4.4821,20,4.3500000000000005
3099800,11.8,7.7066,14.8553,0.601
4013000,8.3,7.3147,19.5,3.723
4058700,9.3,6.9358,19.6,2.611
3014500,8.5,8.7543,32,4.232
4029100,7.5,5.7989,34.218,4.033
4001900,7.1,14.1914,41.1,4.422
1001501,8,10.1037,34.5135,4.003
4099703,7.9,8.3669,22.8812,0
2021502,11.7,2.5238,34.6,4.104
3017800,8.5,7.0491,17.8,4.2170000000000005
3059600,8.7,4.7273,22.2,0
2042500,10.3,3.1723,24.925,3.9260000000000006
3064800,9.7,10.8438,14.9,2.926
3029500,11.1,6.0881,21.7,0
5019700,9,10.3,10.7,1.769
2036902,12.8,1.6293,32.419599999999996,4.369
3092400,12.6,2.8509,24.9,1.2399999999999998
3015900,8.3,14.99,18.8131,3.4400000000000004
3006300,8.3,12.4853,24.8,4.672000000000001
4019200,11.3,6.4627,16,1.298
5001700,8.8,4.2431,10.7,4.133
4065600,11.4,8.0604,30.1,1.308
3050804,11.1,6.0563,19.5,3.628
3118201,9.5,6.4094,20,0
3027400,9.2,7.0625,17.8,0
4011400,10.3,4.9223,19.5,2.8249999999999997
3021700,10.4,6.1466,25.0932,0.139
4004001,9.3,8.0192,19.535700000000002,3.9989999999999997
5031902,11.6,4.6118,10.6893,3.8349999999999995
3036600,9,4.805,19.4,3.589
2022401,10,5.5909,12.987,4.982
3084800,11.8,7.8125,21.8,3.444000000000001
1008100,7.9,13.707,48.65860000000001,4.691
4048000,9.5,7.1481,16,3.83
4124700,7.8,9.75,34.3,1.7489999999999999
1001002,9.9,2.323,49.4505,2.724
4060600,11,8.8214,30.1,0
2005100,12.6,1.9115,27.9,4.151000000000001
4043701,8.8,6.4946,36.2201,4.451
3023600,11.2,2.6855,25.8,0
3047400,10.7,3.8813,25.8,0.661
4049600,10,9.3295,30.0859,3.266
5006700,9.3,12.1176,10.7,2.6900000000000004
3089000,13.3,3.7746,22.122400000000003,2.3729999999999998
2026100,10,7.6272,25,2.9879999999999995
5007400,9.4,8.1033,8.780100000000001,3.2699999999999996
4023000,8.5,9.4667,34.3,0.106
4008700,12.3,2.675,16.6833,2.106
3011200,9.8,3.3673,25.8,1.2930000000000001
4027900,8.5,6.0911,33.7025,2.692
3008400,9.3,5.3304,32,4.605999999999999
1011203,7.8,15.9792,47.9,4.991
1002100,7.6,25,34.5,4.611
4087100,9.1,4.1484,19.5,4.438000000000001
1023000,12.3,3.6124,29.4,3.853
4077904,8.4,7.8348,34.3,3.6630000000000003
3020100,9.3,11.8285,42.482600000000005,2.6390000000000002
2024300,11.7,2.5088,34.6,4.52
4053800,11,10.1741,30.1,2.31
3116600,10.7,5.875,20,0.81
3013900,8.6,14.3169,24.8,2.6020000000000003
3004600,8.6,13.1806,26.2,0
1006800,8.3,12.8491,50.3696,4.751
4074700,7.7,8.6034,42.9,1.8649999999999998
4017900,8.2,4.895,41.1,4.395
1022102,10,9.6154,29.4,1.2719999999999998
3025800,9.3,5.0625,17.8,1.006
2014500,12.9,3.0676,12.4,4.46
1026900,9.3,4.2917,45.9,2.806
4025302,8.2,6.4743,41.1,4.54
4064101,8.5,7.0769,19.4805,4.0169999999999995
4044000,12,6.8633,16,3.479
1001600,7.3,4.6729,49.5,4.785
2024800,9.3,6.9786,13,3.5699999999999994
4115500,7.8,5.1442,19.5,1.8449999999999998
4060800,11.7,9.875,30.1,2.3440000000000003
4044602,9.8,4.1415,22.825899999999997,4.278
4020600,11.4,6.7298,15.984,4.3
4093900,8.1,8.1677,19.5,0.11299999999999999
4083800,9.7,9.8484,31.4,0.7390000000000001
3011000,8.9,6.1042,25.8,4.507
3014000,9.1,6.975,26.2,4.5009999999999994
3063600,8.6,10.9479,14.9,0
4028200,11.6,7.6434,16,4.31
3055800,9.1,7.6797,22.2,0.558
3074200,11,6.2,14.9,2.638000000000001
3027600,9,5.3283,17.8,0.43499999999999994
4009700,8.3,9.1675,16.7,4.0600000000000005
3057100,9.3,8.551,23.9,4.234
3016200,8.4,8.059,26.2,4.097
2007900,11.6,2.6307,27.877399999999998,3.855
3072200,11.9,6.7401,14.9,3.7169999999999996
2036800,12.9,5.0919,17.8,4.1
4047200,8.9,7.0462,34.281699999999994,1.4740000000000002
1008900,8.3,10.6207,48.7,4.587
4008100,8.3,8.4375,16.7,4.608
3099600,11.9,7.0093,14.9,0.5209999999999999
3119200,10.6,4.8,20,2.303
5014605,8.9,11.2143,6.3,2.5780000000000003
1007900,8,9.2788,38.1236,4.327
3024100,10,6.1192,21.7,4.786
4049302,8.6,7.3523,19.6,4.390000000000001
4001200,8.7,6.8529,19.5,0
3065800,8.6,9.7188,14.9,1.899
5012100,9.1,10.8906,10.7,2.4070000000000005
2024400,9.6,6.0709,13,3.507
4119100,7.6,3.9605,19.5,0.060000000000000005
3091200,14,1.5256,24.9,0
4043200,11.2,7.7734,16,2.995
2039902,11.4,3.6683,34.5958,4.13
5020700,10.5,3.367,10.7,4.27
3059300,9.1,8.1319,23.9,4.423
1003400,8.9,8.1541,49.5,2.8979999999999997
4092800,8.2,15.9773,6.7932,0.8039999999999999
5000800,9,7.8986,10.7,3.923
3026500,12,7.0707,21.7,0.33599999999999997
3002300,12.5,1.8387,42.5,4.9879999999999995
4005700,8.5,6.8156,16.7,1.6519999999999997
4050800,11.6,6.492,16,1.3510000000000002
4060000,10.8,9.6875,30.1,0
3044500,8.6,6.9414,16.2,2.341
4058300,8.9,8.9028,19.6,4.141
3037401,9.1,5.5341,20.5676,0.075
4026500,6.9,5.4091,37.9269,4.192
3090600,13.8,1.5017,24.9,1.627
4143500,7.6,9.5472,30.2,1.4210000000000003
4055300,8.4,5.9907,19.5898,4.24
1007400,8.3,15.6964,31.2792,4.451
1029900,10.9,1.9189,45.8082,3.4829999999999997
5005000,9.2,8.1875,11.1,3.6640000000000006
1005700,7.6,18.381,38.2113,4.68
1004500,7.9,10.7708,38.1963,4.975
2045600,11.5,9.3472,17.6398,3.6660000000000004
3068600,9.6,6.9167,14.9,4.0649999999999995
5027900,9.1,11.5682,10.413599999999999,1.931
2041100,10.3,4.1587,25,4.399
1012500,7,12.024,28.3,2.267
5017009,9.5,9.3125,6.3,3.519
3033100,10.9,4.0216,21.7,4.787
4099200,12.5,3.8301,6.7932,2.8289999999999997
3034000,11,2.1224,19.4,0
4014000,8.6,7.1439,19.5,4.291
4040000,11.1,10.0813,16,3.6189999999999998
3018600,8.4,5.5,17.8,0
4045500,10.7,4.8889,36.2,4.01
4066701,9.2,8.6563,19.6,3.654
3080400,12.6,5.3512,21.7001,3.968
3047700,8.3,14.225,23.9,3.764
4104700,8,5.5328,19.5,0.324
2006100,11.9,4.5361,32.291199999999996,2.435
2035600,11.9,7.3194,17.785600000000002,4.237
3114400,12.7,5.3646,20,3.2329999999999997
4086500,7.3,3.0714,19.5,3.157
3030700,14.1,2.4502,25.1,3.6710000000000007
3110400,12.4,3.663,20,4.321
4077908,9.6,5.15,34.3,3.4270000000000005
4055800,9.4,9.5735,30.1,0.029
3029600,8.9,5.625,17.8,4
4140300,7.2,8.0457,30.204099999999997,3.2100000000000004
1019600,10.7,1.7455,59.6,4.82
4036100,10,4.7419,33.7,4.037
4004700,10,3.8542,16.7,2.75
3150200,8.6,11.7639,32,4.753
3029400,9.6,5.7895,17.7822,4.0120000000000005
4003400,9.1,7.6923,19.5005,4.668
4014201,9.1,6.8657,19.5,2.661
4032800,11.5,9.9167,25.8559,3.81
2011800,9.5,8.625,26.4205,1.8570000000000002
3083600,11.9,6.8603,21.8,0.187
4062000,10.6,11.3125,30.1,0
2026602,10.2,6.4143,26.5,3.8810000000000002
3096600,11.7,6.7667,14.9,4.002
3020400,9.4,10.2,26.2,0.231
2039000,13,4.5738,17.8,2.3699999999999997
4018800,11.9,8.1579,16,1.469
3042800,8.8,6.0708,17.8,4.087
2042902,11.2,3.5956,25,4.071000000000001
4113300,7.9,10.3056,30.2,3.854
1016400,10,2.8726,59.6,4.723
3087000,12.6,4.3952,21.8,4.103999999999999
4065400,11.4,9.9792,30.1,2.044
4048400,9.8,8.7014,16,3.6320000000000006
2028500,9.2,5.8467,15.3846,2.982
4047900,7.3,5.869,36.4744,3.523
4007100,8,7.642,16.7,2.814
3017900,10.9,6.1311,42.5,3.601
2001900,10,4.5156,27.267899999999997,3.592
4102900,9,8.5141,19.5,3.741
3024500,11.3,8.5169,21.7,4.514
1001401,7.8,10.375,49.5,2.226
4015200,10.4,6.4643,19.523799999999998,3.79
2015100,12,2.9276,12.7738,3.7359999999999998
4013400,8.7,5.7891,19.5,3.267
4126500,7.6,7.125,34.3,3.9720000000000004
3012600,8.6,5.3621,26.2,4.0409999999999995
1027700,9.4,2.8864,45.9,0.476
3041401,9.8,6.7972,22.2,4.01
2000400,9.5,7.8409,22.8542,0.994
3023000,10.5,4.3459,25.8,3.015
4012100,8.8,8.3056,16.7,3.4010000000000002
3069602,9.9,7.7682,14.9,0.592
4162100,8.1,7.6655,30.1,3.5010000000000003
4080302,8,6.6629,24.650399999999998,3.7190000000000003
4021600,8.6,7.7579,19.7886,4.123000000000001
4053500,8.6,6.5208,19.6,4.414
4011600,9.7,8.0313,19.5,2.7689999999999997
2036400,12.6,6.975,17.785600000000002,4.199
3027200,9,5.8477,17.8,1.176
3118400,9.3,5.8703,20,2.976
4028700,7.8,6.6016,33.7025,2.8249999999999997
3064400,9.1,8.925,15.2942,1.8170000000000002
2020200,10,3.9306,26.5,3.3359999999999994
3100800,11.3,7.3889,14.9,0
5013400,9.4,8.5399,11.095199999999998,2.697
4057700,9.2,6.5607,19.6,4.67
4074100,8,7.875,42.9,4.325
3006900,8,15.4625,32.1278,0.7
3009800,9.7,4.625,32,0
2015500,11.4,2.2067,12.4,4.739000000000001
2023302,10.9,4.25,34.6,2.0229999999999997
3014900,8.7,14.0481,29.847199999999997,2.4130000000000003
4148300,7.4,11.5714,30.1698,0.030000000000000002
3050100,8.5,11.2679,23.9,4.63
1022700,10.7,5.6818,43.6714,4.029
3055400,9.4,4.5257,22.2,4.2829999999999995
2021900,10.9,2.6316,32.3,4.601
4024700,7.7,7.1591,41.1,4.193
2008600,12,2.1848,22.9,4.034000000000001
5011201,9.8,7.9557,9.5016,2.7489999999999997
4000800,8.5,6.6439,19.5,3.151
1017700,8.6,7.4897,46.253699999999995,4.1899999999999995
2037600,11.4,4.9237,17.8,3.447
5021300,9.7,6.964,10.7,3.6589999999999994
1013700,7.5,18.0172,28.3,4.494
1011201,8.1,11.975,28.3,4.946
2039600,13.4,4.4458,17.8,2.295
3051500,7.9,15.8452,23.9,3.5860000000000003
1017900,8.5,9.5921,46.3,2.922
4129103,8.1,6.1434,30.314799999999998,1.9160000000000001
3082600,12.1,5.5,21.8,4.316
1011900,10.1,1.7568,28.3,3.8599999999999994
1020901,11,3.0208,43.6714,4.7090000000000005
1006200,8.6,8.75,67.2975,3.241
4026902,7.1,5.1406,36.2,3.649
2016400,9.4,8,26.5,4.234999999999999
4005400,9.3,7.7854,30.448,2.49
4027500,8.3,5.3764,33.7025,2.9349999999999996
3026300,11.8,4.1875,21.7,0.33799999999999997
2020900,11.2,3.119,32.3,4.027
1021100,8.5,5.2716,43.7,3.5250000000000004
3040900,10,5.2629,16.2,4.215999999999999
2021800,11,4.7581,23.3224,4.369
4010200,10.1,6.7404,31.4,2.7849999999999997
3094401,12,8.2986,16.2662,3.888
3009600,9.4,4.4671,32,0.017
1015801,8,16.1259,54.8,4.805
4046700,8.2,4.0152,36.2,1.745
1009400,7.9,15.0893,28.3,2.621
3046800,10.4,7.275,25.8,1.077
2023301,11.3,3.0861,34.6,3.423
3076200,10.1,5.4571,19.5,0
3051602,12,5.4879,19.5,4.115
3044000,9.7,5.142,24.872,2.6239999999999997
4010400,10.6,6.7083,31.4,0.254
2005400,11.7,3.5189,22.9,3.74
4051500,8.7,8.2487,19.6,0.664
5030301,9.4,8.5826,10.7004,4.526999999999999
4041400,12.3,5.8885,16,1.9030000000000005
1013000,8,19.6964,54.8,1.953
3116800,10.1,6.2375,20,3.939
3115600,13.2,2.1301,20,4.247
5017300,10.4,3.6707,11.1,4.292
1014602,7.9,10.8623,54.8,4.814
5003600,9,8.8097,10.7004,3.846
3053400,9.9,3.9917,19.5,3.4899999999999998
4017800,11.4,7.2708,31.4,3.5420000000000003
3038100,12.9,4.5667,21.7,0.808
3080000,10.8,8.375,21.7,4.161999999999999
3048500,8.7,10.3173,23.8923,2.888
4059100,8.6,7.0867000000000004,19.6,0.565
1015400,8.1,10.0152,54.8,4.723
3039700,11.6,4.5685,16.2197,4.216
3077200,10.3,6.4205,19.5,0.9420000000000001
2040701,10.5,3.4695,25,4.576
4038400,12.1,7.5114,18.0022,3.4179999999999997
4070900,7.5,9.7026,42.9,0.074
3089400,12.3,4.3795,24.8969,0
4033900,8,4.8182,33.7,2.463
4015700,8.2,6.25,16.7,4.939
3030300,13.7,3.8571,24.9,3.355
3003600,8.7,6.9632,26.2,0
4097204,12,4.6051,6.8,3.622
3111800,12.5,3.939,20,1.251
3041800,10.1,4.5536,22.2,4.007000000000001
4052800,12.1,8.325,16,2.097
4030904,8,7.0481,33.547000000000004,3.1870000000000003
3034700,12.4,4.3849,25.1,2.593
2037400,12.7,2.7695,17.8,4.714
2004600,11.4,2.136,22.9,3.9690000000000003
3121000,12.3,1.5833,20,2.096
3005300,9.4,10.4583,24.7256,3.184
4018501,8.1,5.85,41.1,3.188
3050300,8.7,9.6216,23.9,4.537000000000001
4120300,7.4,6.0179,19.5,2.08
4065900,9,10.0039,19.6,2.152
4036700,9.9,5.2955,33.7,3.5840000000000005
1004000,8.4,8.7574,49.5,4.777
3053200,8.9,6.5972,19.5,0.366
3048800,9.3,5.4067,25.8,2.8960000000000004
1010602,7.6,16.6513,54.715799999999994,4.26
4002800,9.2,5.9398,19.5,2.039
3007200,9.4,4.0574,32,4.756
3087401,12.3,4.425,21.7,2.314
3020800,8.7,6.2432,26.2,0.409
3022600,9.3,4.6611,25.8,4.288
3098200,13.6,2.0751,14.9,2.6310000000000002
3036002,9.5,1.6073,19.4,0
4155101,7.6,5.5313,30.1,0
1015001,8.1,16.1776,54.8,4.8740000000000006
3073600,11,7.5153,14.9,4.692
4017000,11.4,7.0147,31.4,1.5620000000000003
3032300,11.2,7.7645,21.7,4.198
4072100,8.4,6.3561,42.9,1.6799999999999997
4111300,7.9,10.2222,30.2,0.275
4134100,7.3,9,34.3,1.4320000000000002
3024900,11.1,7.0268,21.7,3.702
2040100,11.3,3.7012,25.019199999999998,4.071
4023800,9.1,5.1823,20.7397,4.267
3023200,11,3.8818,25.8,0.722
3049700,8.7,9.1557,23.9,4.022
3088800,12.5,6.0435,21.8,4.604000000000001
5013203,9.4,8.7014,6.3,3.6959999999999997
2043600,11.5,6.625,17.8,1.8850000000000002
3035601,9.3,3.2111,19.4,4.3309999999999995
3007600,8.9,4.295,32,2.7510000000000003
3026800,9.1,4.4517,17.8,0.621
4006501,8.3,7.7372,16.7,3.0050000000000003
3061003,9.1,5.0887,19.4,3.413
1023100,10.9,5.0149,40.825700000000005,3.71
3067000,10.7,8.125,14.9,4.576
3000200,10.3,5.608,32,4.592
3082800,11.9,5.585,21.797700000000003,4.7170000000000005
4079701,7.1,3.2017,19.5,4.283
3028600,9.2,4.0325,17.7822,3.186
2016000,9.8,7.9756,26.447,2.938
3041000,9.4,4.84,17.8,3.028
4157901,7.6,10.2725,30.1,1.9680000000000002
2033202,10.5,4.1969,13,3.894
1018300,7.9,11.7679,46.3,2.8939999999999992
2029700,8.5,9.121,15.4,0
4005300,8,8.6677,16.7,2.0740000000000003
2023704,12,2.0679,34.6,2.3550000000000004
3045600,9.8,4.1806,24.8172,4.260000000000001
4029300,7.2,6.5982,41.1,4.604
4056400,9,5.7132,30.0699,3.629
4091900,8.7,4.965,19.4805,3.808
3015300,8.3,13.8594,24.8,0
4074900,7.4,16.375,42.857099999999996,2.28
3050202,8.2,10.2656,32,3.287
3037300,12.5,4.5179,24.9,3.6980000000000004
5023100,9.6,8.2599,10.7,1.43
1017300,8.5,13.5233,46.253699999999995,4.457999999999999
4000200,8.4,7.0655,19.5,0
4063000,11.4,11.2438,30.1,1.901
1005600,8.4,14.5,28.3,4.235
2007100,10.5,4.2292,27.9,4.462
4016600,10.8,6.8229,31.4,1.131
1021500,12.1,5.1719,29.4,2.136
2038100,10.9,3.8905,34.6,3.657
1018800,9.6,4.116,59.6,4.857
2020400,10.2,5.1199,26.5,3.7600000000000002
2033800,12.1,5.1204,14.392,4.1530000000000005
4027300,8.4,4.7943,33.705000000000005,4.252
3027300,12.2,5.6786,21.7,1.1800000000000002
4077300,8,7.35,11.2554,4.322
4010800,9.6,6.7617,19.523799999999998,0.609
1020500,9.5,12.125,43.7,2.974
1008800,7.7,12.6788,67.5,4.837
3013200,9.1,5.5865,26.2,3.846
2022902,11.6,3.4167,32.3,4.032
3036502,11.3,3.875,24.8363,4.178
4069000,11.7,9.6875,30.1,0.193
4121500,7.9,7.9297,19.5296,3.289
4003900,8.9,4.8269,16.7,4.538
3040800,8.3,8.0169,17.8,1.2570000000000001
3046000,8.9,6.1023,19.5,2.181
3040200,8.4,5.7404,19.1684,4.0649999999999995
3012100,8.7,9.8906,24.8,4.768
1002700,6.6,6.2083,49.5,4.741
1001001,7.9,8.125,49.4505,4.388
3093200,11,6.625,20.0888,3.7699999999999996
2005002,11,3.1795,22.9,3.6850000000000005
3052000,9.5,8.1875,19.5,1.316
3043900,9.5,4.2148,16.2034,2.5149999999999997
1011402,7.9,15.2171,54.786199999999994,4.818
5024800,9.3,9.2237,6.293699999999999,4.053
3054600,9.5,4.7344,19.6485,2.822
3058200,9.5,5.2644,22.2,4.314
2037504,11.8,2.0644,32.5,4.214
4054200,9.6,7.2966,30.1,1.825
4008600,9,7.7545,31.4,3.358
3078000,11.6,8.2273,21.7724,0
4012800,8.5,6.625,19.5,1.9889999999999999
3019500,9.3,9.9853,42.5,4.179
3116400,11.9,5.0853,20,0
4071305,7.7,8.1746,42.9,4.05
3003900,8.9,10.5,42.4823,4.853999999999999
3033900,12.1,4.0417,25.1,0.27599999999999997
4018700,7.7,7.0326,41.1,4.385
3019700,9.3,11.8958,42.5,4.669
1014900,7.8,14.9212,46.253699999999995,4.8149999999999995
2031000,9.6,8.7336,13,2.184
2023900,11.3,2.7615,33.2944,4.61
4029700,8,6.4135,16.7244,3.714
4018200,11.9,6.3958,16,3.503
1025300,9.3,5.5786,45.9,4.379
2021001,11.2,5.4076,22.9,4.093
4096400,11.2,7.7292,6.7932,1.6260000000000003
4037700,9.2,7.1728,33.7,3.482
1022000,10.8,6.9926,29.4,3.859
1015002,7.8,21.4831,54.8,3.216
4002400,8.7,7.325,19.5,0.516
5018701,9.2,10.4118,10.7008,4.433999999999999
5002100,10.2,5.0489,10.6893,4.705000000000001
3032100,11.4,5.7574,21.7,4.724
2005600,11.4,2.7153,22.9,1.789
4014400,9.1,5.6875,19.5,2.8689999999999998
3042200,9.5,5.9904,22.2,3.668
5009601,9.2,9.1563,11.1,3.177
2021501,11.4,3.375,34.6,4.5920000000000005
3074800,9.8,8.9917,18.308600000000002,0.32100000000000006
4071306,7.9,8.2205,42.9,3.517
1000700,7.9,18.4609,35.119,4.259
4101001,11.2,4.1332,6.7932,0.068
1004400,8.2,10.452,67.4204,1.3170000000000002
4145101,7.7,7.1111,30.2,3.272
3016900,8.4,11.7256,32,2.384
4037500,8.6,5.6875,34.5675,4.786
5004700,9.6,8.8571,10.7004,3.082
2004100,11.9,1.9643,27.9,3.255
3112600,12.3,2.8149,20,3.827
3053900,11.9,2.0902,23.9372,4.582
1028700,8.7,6.0128,45.9,2.6609999999999996
4052100,9.1,9.35,19.6,0.21
3117202,9.8,4.9615,20,0.461
2018500,12,2.5808,12.4,4.507000000000001
3022000,11.3,3.2088,25.8,0
3049200,9.3,6.2604,25.8,4.51
3085400,11.9,5.9531,21.8,0.381
3052800,8.5,8.7212,19.5,1.845
3119800,10.3,3.7025,20,4.659999999999999
4003300,7.3,8.9669,17.676000000000002,3.845
4045400,7.8,4.9968,34.26339999999999,2.29
3006600,8.7,7.025,26.2,0
3050700,10.4,3.5469,23.891199999999998,4.766
2009000,11.2,2.4487,24.363899999999997,3.4989999999999997
4116700,8,4.0714,19.5,1.971
3032800,10.1,4.1353,19.4,0
3082000,12.7,4.6992,21.7848,4.793
5031901,12.9,2.125,10.7,2.996
3039100,9,7.0945,16.2,3.649
4099100,8.3,10.0965,19.5,1.5060000000000002
3077000,11.2,5.9231,19.5,3.315
3021300,11.3,5.2885,21.7,0.8940000000000001
2013100,11.2,2.675,15.3232,1.4969999999999999
3099000,11.3,9.1964,14.9,0.511
3029900,12.7,5.0144,21.7136,4.228
2022300,11.6,2.6761,32.3,3.2680000000000002
3056400,8.6,8.2344,22.2,0
4065000,11,9.3409,30.1,1.1800000000000002
1013800,8.1,13.7196,54.8,4.7780000000000005
4025800,12,6.7875,16,3.9350000000000005
2041900,10.3,3.5837,25,1.537
4138501,7,10.2926,30.2,1.2839999999999998
4023200,8.6,7.0268,34.3,1.365
3023500,10.2,6.1607,21.7,4.417
2003100,10.6,4.3255,27.9,4.272
3088000,11.8,4.9,21.7547,4.738
3102800,11,9.5486,11.771,0
4108500,8.2,7.75,28.712699999999998,2.947
3102400,10.6,9.6875,14.9,0
2026701,9.5,4.7656,15.6688,1.1520000000000001
4043400,11.6,10.4063,16,2.3530000000000006
4006100,8.2,7.7941,16.7,3.686
1002201,8.7,3.0703,49.5,2.3080000000000003
2025300,10.7,3.6481,25.0288,4.5200000000000005
4027800,12.7,4.2857,16,3.7509999999999994
4084602,10.6,6.5893,31.3372,4.3870000000000005
3035200,11.2,1.4167,19.3224,0
3011700,8.6,10.1628,26.7008,4.597999999999999
3008200,8.9,4.1831,32,3.4210000000000003
3095600,12.4,6.75,14.9,3.9539999999999997
2029301,8.7,10.3125,15.3846,0
3000900,7.8,16.9255,42.4823,4.519
4055900,8.5,7,19.5932,4.131
5014700,8.8,9.9856,10.7,2.457
3070201,9,10.8669,14.8851,0.247
1006700,8,10.7908,38.2,4.8100000000000005
3067800,11.5,9.6275,14.9,2.527
3057500,8.8,8.7561,23.9,4.7250000000000005
3028000,8.7,7.5677,17.7822,3.914
3025700,9.7,6.9074,21.7,3.9499999999999993
4089200,9,11.3269,31.148799999999998,1.196
3059800,9.4,7.5612,22.2,0
1005200,8.1,16.6094,28.3198,4.572
2042400,12.2,8.6422,17.8,3.4120000000000004
1001402,8.5,2.7355,49.5,4.381
3064600,9,9.5391,14.9,2.4970000000000003
3051001,12.3,5.5435,19.5,3.695
5018902,8.8,10.2525,11.0716,3.942
4015900,9,6.3818,16.7,4.094
5012805,9.7,8.0379,5.8275,0.954
3092200,12.6,4.2949,24.9,4.535
4004300,11,2.2939,16.7,3.9979999999999998
5001800,9,8.0313,0.0111,3.196
4093800,9.9,5.2196,6.7932,2.5349999999999997
3012901,8.6,11.9875,27.5435,4.630999999999999
4026100,7.7,5.42,41.1,4.108
4011300,8.5,8.3146,16.7,1.596
4046000,9.5,5.0346,16,4.686
3025600,8.9,5.1625,17.8,3.9879999999999995
4050000,12,5.615,16,3.989
4057900,9,5.9306,19.6,4.156
4019900,8.9,4.125,41.0589,4.0969999999999995
3094600,11.6,6.675,21.793100000000003,0.668
2045102,9.9,7.5089,17.8,2.6870000000000003
1008400,7,15.875,28.3,3.29
2015300,12.2,2.4438,12.4,3.96
4124100,7.9,7.2446,34.3,1.194
4036300,9.4,5.7802,33.7,3.9129999999999994
2046202,12.2,6.2532,17.8,4.401999999999999
1023502,11.9,3.9911,29.4,3.2350000000000003
3057000,8.4,7.5761,22.2,2.9510000000000005
4140901,7.3,8.5,30.204099999999997,4.5600000000000005
2031800,9.5,8.6429,13,1.636
3043300,10,2.4766,16.2,3.292
5007000,9.8,7.6149,9.8346,2.2590000000000003
2026300,10.8,1.9629,25,3.0720000000000005
3078800,12.5,4.6833,20.438399999999998,4.436
4031700,8.8,6.2021,13.914700000000002,3.9849999999999994
1011800,8.1,14.1667,54.8,4.890000000000001
4009400,10.4,6.2308,31.4,2.936
3020000,9.5,7.5438,26.2,0
4040400,11.7,7.1066,16,3.625
3062200,9.4,7.429,22.1112,0
4094203,10.2,5.7411,6.779599999999999,0.48000000000000004
3113200,11.8,5.9,20.7742,1.52
1009900,8,14.1672,48.6026,4.689
4018000,11.9,7.35,31.4,4.469
3004500,8.1,14.8064,24.817700000000002,2.907
2006300,10.5,3.7306,31.4332,4.52
4001800,8.8,6.9479,19.5,4.2379999999999995
4012400,8.7,7.6758,19.5,2.3579999999999997
4035200,11.8,9.375,16.0141,4.122999999999999
4055400,8.7,7.4821,30.1,3.429
4099801,10.8,7.5921,6.8,0.937
3105804,12,3.2292,18.2617,4.268999999999999
4033402,12,5.5594,16,2.5110000000000006
3016500,8.1,17.3939,24.7504,1.032
1000202,9.2,3.5466,49.366,0.9020000000000001
4085900,7.5,5.8609,19.5,2.954
4014900,8.5,6.9659,16.7,3.5220000000000002
2034500,9.2,7.4013,15.4,3.2370000000000005
3016000,8.9,8.2837,26.2,3.9320000000000004
4067900,8.8,4.864,19.6,4.116
2012101,11.5,3.9514,12.4126,3.9269999999999996
3075600,9.1,11.025,19.5027,2.5940000000000003
4146700,7.8,8.8412,30.2,3.564
2040600,13.2,4.9671,17.8,2.3360000000000003
4051600,12,8.7773,30.0859,3.6790000000000003
2019500,11.2,2.7227,32.3,3.949
3031300,11.8,5.1818,25.1,3.348
5016901,9.1,9.875,10.7008,4.443
1019900,8.5,9.6282,43.7052,3.702
2036901,12,2.2273,32.5,4.668
3006200,8.7,8.3387,26.2,0
4019400,11.1,7.5069,16,2.099
2017300,12.3,2.0662,32.2235,3.311
3081000,11.9,5.75,21.7,0.582
2038600,12.6,5.1798,17.8,2.044
1024302,12.8,2.4286,29.3706,2.9050000000000002
2022500,11.9,3.8489,32.3,0.9940000000000001
4118500,7.7,4.5948,19.5,2.773
3084600,11.7,5.4153,21.8,3.4960000000000004
3038700,11.7,6.4917,21.7,3.06
1016800,10.2,2.2475,59.6,2.1780000000000004
4047300,7.1,5.6605,36.2,4.131
3009000,9,4.7197,28.9248,4.506
3041700,10,2.4433,16.2,0.171
3030800,9.2,4.7461,19.4,1.9889999999999999
3036900,12.4,3.5977,24.9,4.383
4049500,8.5,7.55,19.6,4.624
2021200,10.2,5.75,22.9,2.2119999999999997
3003700,8.5,15.5682,42.5,4.5840000000000005
4066900,8.4,7.0875,19.6,0.76
2039300,12.1,1.9808,32.5,4.228
3050900,11.8,3.7,23.9,4.431
4003600,8.3,8.0868,19.5,3.572
3034800,9.5,5.4405,19.380599999999998,3.593
4053000,11.3,8.1848,16,0.5720000000000001
1019701,8.5,5.2656,43.674,3.533
1018000,10,3.2194,59.6,4.723
3029100,11.6,8.0526,21.7,0.32499999999999996
3059401,9,6.1283,22.2,0.246
2003800,11.2,3.3681,22.9,4.1
4077905,8,8.2355,34.3,3.691
1006300,8,15.6975,38.2,4.437
4011700,8.9,8.5833,16.7,3.0459999999999994
4077903,8.3,8.0325,34.3,3.983
4018900,7.8,7.2453,41.1,3.47
3048900,12.5,2.4808,23.8769,3.3979999999999997
2038900,11,3.7028,32.5,3.226
2028600,9.1,8.5625,13,4.398999999999999
3026000,8.8,4.8214,17.8,1.7079999999999997
1019100,8.6,11.3125,46.3,3.0850000000000004
2037300,11.7,2.89,32.5,2.091
4004200,8.7,5.7554,19.5,2.6770000000000005
1010800,7.8,16.3854,67.5,4.889
3044600,8.8,6.3708,23.607999999999997,3.446
3098400,11.7,7.1875,14.9,2.6320000000000006
2042600,12.1,8.5023,17.8,3.667
3018000,8.9,6.869,17.8,3.171
3012700,10.8,5.5145,30.2339,4.5729999999999995
4055500,8.5,6.4423,19.596600000000002,3.749
4026400,11.9,5.559,16,3.9299999999999997
4019800,11.9,6.7938,16,0.7450000000000001
1023801,8.3,9.8636,54.5935,1.5130000000000003
4140902,7.6,9.1042,30.208199999999998,2.836
2021601,10.7,3.451,22.9,4.544999999999999
2023000,10.2,3.8958,13,3.7030000000000003
1001800,7.8,5.0568,49.5,4.797999999999999
1022301,9,5.6393,43.6563,3.7089999999999996
5027704,9,10.5341,11.1,3.4079999999999995
1015500,7.8,12.9779,46.253699999999995,2.008
2005300,13.8,1.6583,34.6,4.586
4025400,12.2,3.7897,16,2.497
5005900,9.1,8.1583,10.7,2.748
1005800,7.6,20.7708,28.3,4.784
1030300,9.1,7.0223,45.9,4.186999999999999
1004700,7.9,12.3707,38.1963,4.8870000000000005
3063800,8.7,10.3438,20.1633,0.7409999999999999
3069800,9.3,10.4141,14.8702,2.194
4126700,9.6,7.625,34.3,1.5339999999999998
3010800,8.8,4.5082,28.8938,0
4053601,11.7,10.1136,30.1,0.998
4161700,8.2,11.7813,30.0398,2.206
2026400,9.5,4.8832,26.5,2.842
2041300,9.8,5.3032,25,1.781
3074400,9.3,11.9375,14.9,2.43
3016300,9.1,10.1688,27.4142,3.436
2017701,12.3,2.875,32.2602,3.491
4009800,10.6,7.6917,31.4,0
5017008,9.3,10.9412,6.3,4.029
2007600,11.1,4.6176,22.9,4.308
3018501,13.6,2.613,42.5,4.563
4045600,7.6,9.1346,34.3,0.171
4040100,8.5,5.9214,34.730000000000004,4.17
4008300,8.6,6.0951,16.7,4.3260000000000005
4074300,8.3,6.9138,42.9,4.1930000000000005
5014606,9.3,10.3825,6.3,2.3390000000000004
3077400,11.1,7.1929,19.4908,3.712
3080600,11.9,5.6339,21.7,2.231
1008000,8,13.396,61.776799999999994,4.792
2035100,9.6,9.375,15.4,2.6029999999999998
2023600,11,3.8021,13,4.643000000000001
3004400,8.3,11.8594,26.2,0
3028100,12.5,3.1682,21.7,0.695
1022800,11.8,7.065,29.4,3.849
1009000,7.8,13.5734,67.5,4.742
3047600,11.2,3.5474,25.8,2.0439999999999996
2032600,10.1,9.0656,13,3.212
1009500,9.3,15.3264,28.3408,4.693
3037402,9.5,3.1832,20.1924,3.088
3066000,8.6,12.4821,14.9,2.6980000000000004
1021200,10.6,5.3819,29.460399999999996,3.543
4015801,11.3,8.0507,31.4,2.5829999999999997
2033000,10.8,3.9836,13,4.647
3112000,11.9,3.6447,20,1.3770000000000002
3105801,11.9,2.6112,20,2.2830000000000004
4032900,8.2,5.5395,33.7,3.6180000000000008
3053500,12,3.0699,23.9,4.768
3152200,9,13.5982,19.5,3.1660000000000004
4062100,9.3,6.8558,19.6,3.8869999999999996
3096400,11.9,6.4833,14.9,4.372
3053100,11.3,4.7868,23.8934,4.551
4036800,11.4,7.2,16,2.621
3005000,8.3,13.1042,26.2,0
3075400,9.3,11.5139,19.5,0
3087600,12,4.3625,21.7,3.01
3007400,9.3,3.3934,32,3.958
3079601,10.9,6.2775,21.695600000000002,3.598
3042900,9,5.017,16.2,1.304
4119300,7.8,5.2,19.5,2.598
1016500,8.3,18.3346,46.253699999999995,4.664000000000001
1003100,8.8,16.6786,34.5,4.551
4051000,11,9.0104,16,4.1
3002901,13.1,2.9651,42.5,4.546
4027000,12.3,9.692,16,1.016
1024100,9.6,5.5734,45.8934,3.539
4073100,7.6,9.5536,42.857099999999996,3.9040000000000004
3076400,11.1,6.125,19.5,0
3039300,9.6,7.5256,16.2165,4.257000000000001
1015700,7.8,13.7703,46.253699999999995,4.2
2002800,12.1,5.1138,22.9,3.1449999999999996
4024500,8.2,5.7817,41.1,4.704
3054900,9,11.1071,23.9,4.922000000000001
1027100,8.7,7.2596,45.9,4.369999999999999
4058500,9,7.9898,19.6,2.5180000000000002
2048400,12.3,7.4958,17.8,4.0760000000000005
2014100,11.5,3.1205,12.4341,4.8759999999999994
4015300,8.6,8.0161,16.7,3.5759999999999996
4020500,8.3,5.6389,41.1,4.516
5027302,8.5,8.505,11.1,3.5560000000000005
1014401,8.2,12.4803,54.8,2.715
3051700,7.9,12.6649,23.9,3.522
4051100,8.3,9.5333,19.6,3.7739999999999996
1012600,8.1,10.1494,54.8,4.724
3068800,10.1,8.4276,14.9,3.852
3078600,11.9,5.6781,20.6316,4.311999999999999
4069702,7.4,8.7168,42.87669999999999,1.9929999999999999
3083800,11.6,7.7549,21.8,0.226
3034100,12,5.125,25.1,0.663
3055500,8.1,14.3833,23.9,4.307
5017010,9.4,8.2723,6.3,3.49
3057200,12.9,2.4958,22.2,0.495
3041402,9.8,5.2946,22.2,2.715
3019800,9.4,6.7813,26.174799999999998,0
4095400,11.3,5.7984,6.7932,1.71
4018102,8,7.0135,41.1,3.76
5002002,9,10.0385,11.1,3.416
4002200,8.4,7.7813,19.5,3.4379999999999997
5013302,10.4,4.7905,10.7,4.316
3050000,8.6,9.8421,30.071799999999996,4.41
3038200,11.3,1.8169,19.4,0.482
3039800,8.8,7.1679,22.2,4.356
4150701,7.6,14.6071,30.2,2.688
3118600,9.8,6.4132,20,3.878
4035800,11.8,9.5,30.1,2.5060000000000002
4007300,8.2,8.1963,16.7,1.56
4046800,9.5,7.3512,16,3.874
3089600,12.8,3.7955,24.8969,0.9650000000000001
4086400,9.2,7.5741,31.4,1.895
3060000,9,7.2342,22.2,0
3051400,10.8,6.4259,19.5,1.5930000000000002
2024501,11.4,2.4146,34.6,3.849
5020100,9.1,9.9141,10.7,3.647
3051200,11.4,6.1292,19.5,2.3039999999999994
2037800,12.5,4.1333,17.8,4.312
2004200,12,4.3293,22.9,3.771
4066300,8.6,11,19.6,0.342
3042400,9,6.1005,17.8,3.62
3050400,9,9.8525,29.737000000000002,4.315
4030903,7.5,7.859,33.7,1.919
2039700,11.4,3.3854,31.375,3.516
3026600,9.4,5.125,17.8,0.007
3013600,8.8,8.6165,26.2,1.924
4092900,8.4,6.0973,19.4415,2.936
1020800,10.8,8.8091,29.460399999999996,3.702
3035700,13.5,3.0495,25.093400000000003,2.783
1019300,9.4,5.5476,46.253699999999995,4.486000000000001
4113900,8.3,6.5698,28.9053,3.1699999999999995
3058800,8.8,6.8125,22.2,3.404
3092000,14.3,2.8424,24.469999999999995,2.3360000000000003
3022400,10.2,4.7995,25.8,2.7520000000000002
3073000,11.2,9.1477,14.9,4.504
3029700,12.1,7.0556,21.7,0.838
1007500,8,13.7449,38.1236,4.5009999999999994
4103201,12.7,4.0595,6.8,2.8589999999999995
4061602,11.1,10.8676,30.0699,1.7839999999999998
3047000,10.6,6.1033,25.8,0
1002202,8.3,9.2917,49.5,0
3044100,8.4,4.7754,16.2034,3.5620000000000003
3101800,11.2,8.485,14.8851,1.37
3062600,9.2,5.8102,22.2,0
3014100,8.6,10.125,28.724000000000004,3.6849999999999996
3061600,9.1,11.017,22.133399999999998,0
4041500,8.7,5.1203,36.2,3.798
1023200,12.3,3.6804,29.4,4.557
4028100,7.7,6.072,33.7025,2.745
3117000,10.4,4.2411,20,4.365
3027700,12.7,5.029,21.7,0
3115800,11.7,3.5495,20,2.479
3117602,9.6,4.5457,20,0.379
4157102,7.8,9.75,30.1,3.146
3036200,9.2,4.267,19.4,1.547
3048400,9.8,5.0833,24.2565,2.027
3024400,10.1,6.8516,25.776,0.364
4075701,7.3,9.6179,42.9,4.255
5010500,9.6,6.9583,10.7,3.8429999999999995
2040702,10.7,3.7275,25,2.702
1017500,7.9,16.5234,46.3,2.9329999999999994
4000700,7.3,13.4519,41.1,4.524
4037600,11.7,8.1625,16,1.842
3016800,8.6,8.875,17.764400000000002,0
5022300,10,6.375,10.6893,3.537
2027900,9.7,5.6033,15.4,4.090999999999999
1011202,7.7,14.1563,28.3,4.962
4063302,9.3,8.5,19.6,3.029
2036000,10.4,8.3043,13,4.062
3005400,8.8,7.7569,26.2,0.178
3054200,9.7,5.0694,19.505399999999998,3.516
1004100,7.7,8.5,38.1844,4.834
1012000,7.8,19.9201,54.8,4.862
3000502,8.1,14.6574,42.5,3.5149999999999997
3013100,8.5,14.7969,24.8,2.692
2020501,12,1.7601,34.3332,4.616999999999999
4003000,9.1,6.0278,19.5,2.814
2033500,9.6,9.625,15.4,0.071
2009600,10.1,5.0809,24.396299999999997,4.5009999999999994
4044800,8.5,6.45,34.3,1.439
3021000,9.1,5.6875,26.2,2.952
1016100,8.1,12.0136,46.253699999999995,4.2379999999999995
4097300,9,10.075,19.5,2.9820000000000007
3090800,14.3,0.974,24.9,0.829
4048500,6.8,6.5284,36.6704,4.225
1024500,9.2,4.9118,45.9,4.623
1027900,9.4,4.8245,45.9,3.8230000000000004
3003400,8.8,7.8833,26.2,0
3017400,8.6,9.975,17.7822,0.712
1001300,7.4,17.1173,34.5,4.805
2031200,9.3,9.825,13,4.343999999999999
2002000,12.6,2.0592,22.9,2.281
4069500,7.7,7.3984,42.87669999999999,3.1599999999999997
5003300,9.2,8.2483,10.7,3.6820000000000004
3024600,9,5.1354,23.136000000000003,1.095
3019100,9.3,8.9176,39.3384,4.628
3086200,12.4,4.625,21.8,3.912
2027300,10.1,4.4154,15.409600000000001,3.4590000000000005
2018102,11.4,3.1602,32.3,0.641
4013500,9.2,7.8681,16.7,4.013
4084000,10.1,7.2418,31.4,2.713
4012200,9.1,7.2552,19.5,2.8630000000000004
2045800,13.2,2.4341,17.8,1.831
3022700,10.6,9.5882,28.1132,3.8130000000000006
4018402,11.7,7.2137,16,0.154
4028800,11.9,7.1518,16,2.2939999999999996
3007000,8.9,7.8906,26.814799999999998,3.341
1025900,9.5,6.3807,29.4,3.2559999999999993
3056000,9.2,5.0833,22.2,0.412
3101400,11.3,8.525,14.9,0
4056200,9.1,9.9231,30.1,2.099
3010000,9.4,5.6512,32,0.216
3014800,9.5,8.3068,26.2,2.149
3119400,12.1,4.4444,20,0
1000800,7.8,3.3487,49.4505,4.516
2022000,10.8,3.5781,23.946,4.268000000000001
3109800,12.5,4.944,17.4319,3.368
3037100,12.3,6.4848,24.9,2.952
3065200,8.4,9.305,14.9,4
3093000,11.8,7.5489,21.8,3.6910000000000003
5008100,10.1,3.7287,10.7,2.799
4085700,7.5,4.2841,19.5,2.751
1007200,8.4,12.3066,50.800799999999995,4.896000000000001
4029500,8,6.9534,16.7488,2.71
3101600,11.6,10.0391,14.9,0.27
4014800,9.6,6.4901,19.5,4.474
2038200,12.8,4.6806,17.8,1.9700000000000002
1028500,8.9,4.8504,45.9,4.398
4100802,10.9,6.4267,6.8,2.226
4146300,7.8,7.1899,30.2,4.267
3117800,10,4.5417,20,4.247
2022200,9.7,5.1064,22.9,4.382
3086000,12.2,6.3241,21.8,3.939
1020300,9.8,5.2813,43.7,4.623
3073800,10.9,6.5417,14.9,4.582
4122702,11.1,2.5473,34.3,3.7889999999999997
4027700,8.3,5.1901,33.7025,2.748
4050400,11.4,7.7794,16,1.6809999999999998
3081800,11.7,7.4375,21.8,4.551
4065703,9,8.5795,19.6,2.716
3036100,13,2.5694,24.9,3.965
3120800,11.7,3.9002,20,3.286
3006500,8.1,16.5859,24.8,2.967
3050801,12.2,5.0333,19.5,4.787
5030302,9.3,8.566,10.7,3.1779999999999995
5018901,9.4,7.6518,10.7,3.348
3046201,8.9,2.983,23.1225,2.311
4011200,9.6,6.3472,24.3433,0.796
1008700,7.6,17.7188,48.67960000000001,4.587
4048200,9.5,7.0978,16,4.095
1000900,7.5,20.675,35.602,4.3500000000000005
3021900,10.8,7.244,25.0932,3.203
1002602,8.2,7.6028,49.5,0
4068700,7.8,6.0855,42.87669999999999,4.3260000000000005
4035100,8.1,4.692,33.7,3.464
2013000,9.4,10.6346,26.5,4.371
3065400,8.9,9.725,14.9,1.134
2041800,12.5,3.9712,17.8,3.9449999999999994
1011401,7.7,25,54.747,3.776
4061301,9.1,7.386,19.6,2.824
1009800,7.9,12.9167,67.5,4.723
4008500,8.9,4.8203,16.7,3.3680000000000003
4044400,10.7,5.032,16,4.352
3088600,12.6,3.5196,21.8,2.129
2025200,10,7.75,13,3.2659999999999996
4054000,11.7,6.9191,30.1,2.677
3008800,8.3,6.4091,32,4.2139999999999995
3117201,9.9,6.275,20,1.1320000000000001
3033700,10.7,5.4006,23.383,0.27699999999999997
3013700,8.8,11.6438,24.8,2.59
3061002,8.8,7.6378,19.7842,0
1010400,7.8,12.5882,28.3,1.408
2015900,11.3,1.64,16.6,4.755
1006600,8.9,8.0797,67.5,4.723
2024000,10.8,3.9688,13.5757,4.382
3024000,11.1,3.9034,25.8,0
2042300,10,3.8802,25,2.142
3045400,9.2,6.6364,25.8,4.467999999999999
4088901,7.7,4.8526,19.5,3.604
3025902,13.5,1.8167,21.7,3.957
3003300,8.8,13.625,42.5,4.62
1017200,9.6,3.3601,59.6,4.757
4046300,8,5.8621,36.2,2.091
4052000,12,7.6576,16,0.114
3019000,8.8,5.0875,17.8,1.403
4000100,7.3,15.0421,41.0178,3.6399999999999997
1005502,8.1,12.6332,38.2113,4.676
4062900,9.4,8.0573,19.6,4.741
3028502,12.9,2.3899,21.7,4.210999999999999
2018400,9.8,7.9191,26.5,3.643
4016400,11.3,7.9938,31.4,0.069
1003800,8.4,6.7036,49.5,4.734999999999999
2034000,11.3,5.2772,14.416,2.728
2008900,10.4,2.8642,16.6,4.5120000000000005
4116300,8,3.6261,19.5,3.3080000000000003
3017200,8.9,8.2869,17.8,2.256
3013500,8.3,15.6027,24.8,2.585
3030200,8.2,6.5,17.9648,3.2119999999999997
3093400,11.8,7.2727,21.8,2.827
3021400,10,5.7875,25.861199999999997,0.756
3038600,8.9,8.3594,21.9256,3.529
3025000,8.4,5.3186,18.008,3.629
4133900,7.7,11.7407,34.3,2.5959999999999996
4005900,8.5,8.2208,16.7,3.721
3040100,10.7,5.5625,16.2174,3.411
1013300,7.9,8.1239,48.67960000000001,4.587
2033201,9.7,4.7529,12.831,3.987
2028100,9.7,6.7933,15.4,4.483
3043600,9.2,5.7901,17.8,3.993
2044800,12.1,9.6875,17.8,2.129
3058000,8.9,6.1184,22.2,3.96
4107201,9.4,8.6055,6.7863999999999995,3.018
1013500,8.3,7.6489,48.6026,4.665
1025100,9.8,4.2157,45.9,4.414
4084900,7.9,3.3088,19.5,4.255
4080301,7.8,5.8298,19.5,4.231
3035100,12.6,4.4624,23.1552,4.029
4056700,8.6,9.697,19.6,3.761
3000700,7.9,16.0272,42.4469,4.172000000000001
3027100,11.8,5.6136,21.7136,4.19
3000100,8.5,9.625,42.5,4.644
3066200,8.8,8.849,14.9,4.324
1014601,8.2,13.9952,54.8,4.857
3072800,11.3,8.0082,14.9,4.271
2030200,11.3,5.4087,25.2545,1.146
2036501,12.4,2.7304,32.5,4.755
3019200,9.2,4.2828,25.5558,1.306
4029400,11.7,7.8199,16,3.828
4012602,9.3,5.4899,19.5,2.121
4059000,11.7,7.575,30.1,1.58
2029600,8.7,5.425,13,3.839
3015200,8.7,9.265,26.2,3.752
3100600,11.4,7.7241,14.9,0
3031400,9.1,8.0439,19.272999999999996,2.098
2040502,10.9,2.967,25,3.293
4078800,11.4,9.3807,16,3.273
3056300,8.8,9.0948,23.9,4.165
3044200,9.2,7.6046,25.796400000000002,2.603
1007000,7.9,10.947,67.5,4.78
2021302,11.7,2.5512,32.3,4.261
4014300,8.8,7.0197,16.7,3.912
2013800,10.2,6.7705,26.5,3.582
4144700,8.3,8.4659,30.2,3.0100000000000002
4068000,11.7,10.1458,30.1,3.0310000000000006
1020000,10.1,7.2833,29.490599999999997,3.426
2037100,11.8,2.2685,32.5,2.894
3042100,9.8,5.1341,16.2,3.6599999999999997
2007000,10.8,5.05,22.9,3.069
4099705,7.7,10.9219,19.501900000000003,2.7489999999999997
1018700,8.1,13.6146,46.3,2.8649999999999998
2016500,12.3,2.6739,16.6616,4.678
4019600,11.9,7.1548,16,0.061000000000000006
3049300,10.2,2.8287,23.9,1.068
2038500,11.7,2.6509,32.5,4.24
1008300,8.6,8.0221,48.679,4.75
4010600,10.2,6.6094,27.711,0
4076902,7.7,6.5,42.9,4.4719999999999995
3006000,8.8,10.0324,26.2,0.073
3080800,11.9,1.1167,21.7004,1.1229999999999998
4120700,7.9,8.125,19.5,0
2022703,9.9,6.0938,32.3,3.991
3036501,12.9,4.6538,24.9,4.446000000000001
2043000,12.7,6.3324,17.8,2.797
2045101,9.4,8.1094,17.8,4.074
5000900,10.7,5.0543,10.7,2.304
2022404,10.1,5.3346,13,3.9690000000000003
4003800,9,7.1111,19.5,3.626
3011800,8.5,5.4236,28.705199999999998,2.753
3099200,11.7,8.9423,14.9,0.44099999999999995
4047800,9.3,6.9965,30.5485,3.6000000000000005
4060100,9.4,6.9052,19.6,2.1430000000000002
4025900,7.9,7.0337,41.1,3.628
3011600,8.5,4.064,25.8,0
3089800,12.2,5.2206,24.9,0
2024700,11.8,4.9107,34.6,4.58
1023501,10.7,5.9405,40.84,3.694
4009100,8.5,7.1767,16.7,1.6059999999999999
4043900,8.8,3.5771,36.2,3.752
1021900,11.2,1.9907,43.7,4.02
2005001,11.8,2.7009,22.9,3.956
3087800,13.2,4.3721,21.7583,4.1339999999999995
2040304,10.7,2.5897,25,3.6100000000000003
3025500,12.9,2.1865,21.7,4.3660000000000005
4049900,7.5,6.1534,33.2452,4.007000000000001
3008000,8.6,6.4225,32,2.7350000000000003
4053100,9.1,6.3447,19.6,2.9850000000000003
4026000,12.2,6.2585,16,1.8570000000000002
3103400,12.7,2.5691,10.877,0.035
4054800,9.1,7.4167,30.1,2.122
2007500,11.4,3.0706,27.9,3.231
5029102,9.5,8.375,11.1,2.238
1011700,7.7,15.9671,48.651300000000006,4.944
1031703,7.6,25,34.5,3.7400000000000007
5015603,9.3,9.0106,6.2748,3.334
2008300,10.9,3.2167,16.6,3.925
4040500,8.8,6.0833,35.0825,3.1319999999999997
3062000,8.7,12.35,22.2,0
3044900,10.9,2.2102,23.876099999999997,3.7849999999999993
1003002,8.6,6.375,49.5,2.9119999999999995
2023703,11,3.0109,34.6,3.171
3020300,9.2,12.3229,25.1,3.896
1010900,6.9,16.775,28.3,3.8710000000000004
2012102,12,2.3244,16.6,4.857
1015100,8.9,7.7547,46.467299999999994,2.753
1018400,10.8,2.2738,59.6,3.7489999999999997
3048100,8.7,9.1528,23.9,4.777
4017200,11.3,7.0804,31.4,1.3439999999999999
3031900,11.6,5.5357,21.7,4.203
1023802,8.6,10.8889,54.6356,0.146
3004900,8.4,13.4706,24.8,4.546
1005000,7.9,13.0938,51.802,4.3309999999999995
3112800,12.1,3.5398,20,3.965
4071900,9.1,4.5924,42.9,3.377
3055200,9,7.4395,22.2,3.528
5027702,9,7.5022,11.1,2.519
4015400,9.7,7.5118,19.5,1.01
2034400,11.5,6.3017,13.897599999999999,3.936
4015802,10.9,8.5494,31.4,0
1021600,10.5,7.0399,29.341199999999997,4.089
2019400,9.6,5.4167,26.4699,3.9
3074600,9.6,8.5417,15.746400000000001,4.484000000000001
4052500,9.1,7.3333,19.6,1.085
5012200,9,8.1613,11.1,3.041
4013600,8.4,7.6538,19.5,3.7389999999999994
1003601,8.7,4.65,49.5,4.888
4118100,8,6.6711,30.2,3.87
3032700,11.3,5.5795,21.7,4.646
2016900,12.4,3.0221,12.4,4.396000000000001
4062500,9.1,8.6607,19.6,4.308999999999999
3052700,9,6.4167,23.9,4.579
4045900,7.5,7.4375,36.2,2.314
3040500,10.5,6.3438,16.2212,3.584
4058000,11.4,8.7986,30.1,1.196
1016001,7.8,25,54.8,3.215
3095000,12.1,7.9345,14.9,4.201
2015200,9.3,7.3929,26.5,4.483
1016900,8.1,12.825,46.253699999999995,4.711
3039000,9.7,7.0114,22.2,1.987
4150702,8.2,10.125,30.2,2.3369999999999997
3079400,12.2,4.325,20.8294,4.196
5024700,10,6.4297,10.7,4.33
1013900,7.9,10.1941,48.67960000000001,4.788
4023600,7.9,6.9046,25.7173,3.8120000000000003
4109900,8,6.7031,30.2,3.415
3054500,11.8,2.3555,23.918599999999998,4.138
2027402,10.2,8.8654,26.394,0.002
3043800,9.7,4.6167,24.4772,3.0390000000000006
3114202,9.9,6.75,20,0
3049600,8.4,7.7115,25.8,4.205
4137700,7.4,7.2719,30.2,1.578
4006300,8.2,8.7719,16.7,1.4440000000000002
3043200,8.7,6.3063,17.8,2.6839999999999997
5013201,9.1,10.25,6.3,3.484
1012900,7.5,9.9798,48.553900000000006,4.544
3023300,11.4,5.7721,21.7,4.532
1012100,8.1,6.2209,48.67960000000001,4.689
3035500,12.3,5.1875,21.7001,4.5569999999999995
2009800,9.8,6.8487,22.9,4.069
3002000,9.2,4.5511,32,4.145
3029000,9,4.4318,17.8,4.004
3052300,8.9,6.995,23.9,4.788
2014701,13.5,1.7013,12.4,4.444
2028900,9.2,5.2754,15.4,2.723
3033300,11,4.9444,21.7,2.999
4071100,7.7,9.5368,42.9,1.6929999999999998
3041100,10.6,3.8214,16.2,4.473
3095400,12.3,7.8386,14.9,3.289
1014802,8.1,13.7679,54.8,4.805
3083000,11.9,5.2083,21.8,2.353
3072000,11.9,7.8214,14.9,4.38
4059400,11.4,13.05,30.1,0
3039400,10,4.6198,22.2,4.092
4094202,10.7,4.4013,6.7932,3.6229999999999993
3056900,9,12.8036,23.9,2.109
2006400,11,3.8415,22.9,3.5470000000000006
3059100,9,10.8447,23.9,3.3539999999999996
3057600,8.3,8.0625,22.2,3.96
3067600,11.3,8.6129,14.9,4.439
5017600,9,12.5139,6.3,2.7729999999999997
4012301,8.7,9.6086,16.7,4.253
4001600,8.3,8.3816,19.5,2.418
2002702,11.8,1.3097,27.9,4.233
